datetime,close,volume
2015-12-01 05:00:00+00:00,0.22814044656553603,4.0
2015-12-02 05:00:00+00:00,0.22815617475060201,4.0
2015-12-03 05:00:00+00:00,0.22821180555555554,4.0
2015-12-04 05:00:00+00:00,0.22817777031000588,4.0
2015-12-07 05:00:00+00:00,0.22818735204599255,4.0
2015-12-08 05:00:00+00:00,0.22819927260424597,4.0
2015-12-09 05:00:00+00:00,0.22816121778239057,4.0
2015-12-10 05:00:00+00:00,0.22820005164844626,4.0
2015-12-11 05:00:00+00:00,0.22822053366319134,4.0
2015-12-14 05:00:00+00:00,0.22821834992887624,4.0
2015-12-15 05:00:00+00:00,0.2281654448366368,4.0
2015-12-16 05:00:00+00:00,0.2282198670738279,4.0
2015-12-17 05:00:00+00:00,0.228207010460635,4.0
2015-12-18 05:00:00+00:00,0.22814297840233896,4.0
2015-12-21 05:00:00+00:00,0.22817478803689553,4.0
2015-12-22 05:00:00+00:00,0.2282010631353166,4.0
2015-12-23 05:00:00+00:00,0.22815578675996687,4.0
2015-12-24 05:00:00+00:00,0.22817735814125703,4.0
2015-12-28 05:00:00+00:00,0.22814079760344508,4.0
2015-12-29 05:00:00+00:00,0.228158911164245,4.0
2015-12-30 05:00:00+00:00,0.2281960491986582,4.0
2015-12-31 05:00:00+00:00,0.22819684590537714,4.0
2016-01-04 05:00:00+00:00,0.22819174181300428,4.0
2016-01-05 05:00:00+00:00,0.22821536364521472,4.0
2016-01-06 05:00:00+00:00,0.2282025819265144,4.0
2016-01-07 05:00:00+00:00,0.22820114048729911,4.0
2016-01-08 05:00:00+00:00,0.22813531353135316,4.0
2016-01-11 05:00:00+00:00,0.22815386176798944,4.0
2016-01-12 05:00:00+00:00,0.22819127651060425,4.0
2016-01-13 05:00:00+00:00,0.22815484135948247,4.0
2016-01-14 05:00:00+00:00,0.2281953376205788,4.0
2016-01-15 05:00:00+00:00,0.2281478430968805,4.0
2016-01-19 05:00:00+00:00,0.22822263604386508,4.0
2016-01-20 05:00:00+00:00,0.22822605641078622,4.0
2016-01-21 05:00:00+00:00,0.228141225337487,4.0
2016-01-22 05:00:00+00:00,0.22816012620784856,4.0
2016-01-25 05:00:00+00:00,0.22817779565567178,4.0
2016-01-26 05:00:00+00:00,0.22822282228222823,4.0
2016-01-27 05:00:00+00:00,0.2282166559623207,4.0
2016-01-28 05:00:00+00:00,0.22818577957274946,4.0
2016-01-29 05:00:00+00:00,0.22816930347236491,4.0
2016-02-01 05:00:00+00:00,0.2281447682256559,4.0
2016-02-02 05:00:00+00:00,0.2281964436917866,4.0
2016-02-03 05:00:00+00:00,0.22812662169174885,4.0
2016-02-04 05:00:00+00:00,0.22939958592132506,4.0
2016-02-05 05:00:00+00:00,0.2294192724952138,4.0
2016-02-08 05:00:00+00:00,0.22944953162824966,4.0
2016-02-09 05:00:00+00:00,0.2293925676386988,4.0
2016-02-10 05:00:00+00:00,0.22944733213111276,4.0
2016-02-11 05:00:00+00:00,0.2294557097118463,4.0
2016-02-12 05:00:00+00:00,0.2293861049047771,4.0
2016-02-16 05:00:00+00:00,0.2294081125827815,4.0
2016-02-17 05:00:00+00:00,0.22941296371789646,4.0
2016-02-18 05:00:00+00:00,0.22937876584250985,4.0
2016-02-19 05:00:00+00:00,0.22938359017076218,4.0
2016-02-22 05:00:00+00:00,0.22935590421139554,4.0
2016-02-23 05:00:00+00:00,0.22938008237406274,4.0
2016-02-24 05:00:00+00:00,0.22944849115504684,4.0
2016-02-25 05:00:00+00:00,0.22943365026870605,4.0
2016-02-26 05:00:00+00:00,0.2293880920441647,4.0
2016-02-29 05:00:00+00:00,0.22939290516082325,4.0
2016-03-01 05:00:00+00:00,0.229384263403959,4.0
2016-03-02 05:00:00+00:00,0.22937965260545906,4.0
2016-03-03 05:00:00+00:00,0.22935960591133006,4.0
2016-03-04 05:00:00+00:00,0.2293952043490923,4.0
2016-03-07 05:00:00+00:00,0.22941003239422794,4.0
2016-03-08 05:00:00+00:00,0.2294368009502128,4.0
2016-03-09 05:00:00+00:00,0.22943037974683542,4.0
2016-03-10 05:00:00+00:00,0.22941583473361668,4.0
2016-03-11 05:00:00+00:00,0.2294152161157833,4.0
2016-03-14 04:00:00+00:00,0.2294186500195084,4.0
2016-03-15 04:00:00+00:00,0.22939376553834384,4.0
2016-03-16 04:00:00+00:00,0.2294045484571105,4.0
2016-03-17 04:00:00+00:00,0.22939508506616257,4.0
2016-03-18 04:00:00+00:00,0.22941842900302115,4.0
2016-03-21 04:00:00+00:00,0.22944009064299878,4.0
2016-03-22 04:00:00+00:00,0.22938530734632684,4.0
2016-03-23 04:00:00+00:00,0.22943559785169135,4.0
2016-03-24 04:00:00+00:00,0.229393394530141,4.0
2016-03-28 04:00:00+00:00,0.22939442912824412,4.0
2016-03-29 04:00:00+00:00,0.22938335809806834,4.0
2016-03-30 04:00:00+00:00,0.22937203358890104,4.0
2016-03-31 04:00:00+00:00,0.2293788420956051,4.0
2016-04-01 04:00:00+00:00,0.22938448949904539,4.0
2016-04-04 04:00:00+00:00,0.22939164866810652,4.0
2016-04-05 04:00:00+00:00,0.2293962298515618,4.0
2016-04-06 04:00:00+00:00,0.22936193222782986,4.0
2016-04-07 04:00:00+00:00,0.22940851299060253,4.0
2016-04-08 04:00:00+00:00,0.22943125345113197,4.0
2016-04-11 04:00:00+00:00,0.22940744817464687,4.0
2016-04-12 04:00:00+00:00,0.22944585295182904,4.0
2016-04-13 04:00:00+00:00,0.22938236344162796,4.0
2016-04-14 04:00:00+00:00,0.22943800178412133,4.0
2016-04-15 04:00:00+00:00,0.22940373236231226,4.0
2016-04-18 04:00:00+00:00,0.2294380349832527,4.0
2016-04-19 04:00:00+00:00,0.22944532784585167,4.0
2016-04-20 04:00:00+00:00,0.2294408662372818,4.0
2016-04-21 04:00:00+00:00,0.2294045484571105,4.0
2016-04-22 04:00:00+00:00,0.2293716881150643,4.0
2016-04-25 04:00:00+00:00,0.22944423296535973,4.0
2016-04-26 04:00:00+00:00,0.22942022041207477,4.0
2016-04-27 04:00:00+00:00,0.22940094050296467,4.0
2016-04-28 04:00:00+00:00,0.22935779816513763,4.0
2016-04-29 04:00:00+00:00,0.22935779816513763,4.0
2016-05-02 04:00:00+00:00,0.22938914993592482,4.0
2016-05-03 04:00:00+00:00,0.22935490649296067,4.0
2016-05-04 04:00:00+00:00,0.22942987578299182,4.0
2016-05-05 04:00:00+00:00,0.2308022308022308,4.0
2016-05-06 04:00:00+00:00,0.23080241587575495,4.0
2016-05-09 04:00:00+00:00,0.23084384093113483,4.0
2016-05-10 04:00:00+00:00,0.23078569899379145,4.0
2016-05-11 04:00:00+00:00,0.2307858609880013,4.0
2016-05-12 04:00:00+00:00,0.23079477529333628,4.0
2016-05-13 04:00:00+00:00,0.23077772867874505,4.0
2016-05-16 04:00:00+00:00,0.23082658713250961,4.0
2016-05-17 04:00:00+00:00,0.2308268263985453,4.0
2016-05-18 04:00:00+00:00,0.23085871404399322,4.0
2016-05-19 04:00:00+00:00,0.23078556263269637,4.0
2016-05-20 04:00:00+00:00,0.2308338584331023,4.0
2016-05-23 04:00:00+00:00,0.23084102457741368,4.0
2016-05-24 04:00:00+00:00,0.23084780388151174,4.0
2016-05-25 04:00:00+00:00,0.2307769524191929,4.0
2016-05-26 04:00:00+00:00,0.2308535006473459,4.0
2016-05-27 04:00:00+00:00,0.23079222720478326,4.0
2016-05-31 04:00:00+00:00,0.23082315241337875,4.0
2016-06-01 04:00:00+00:00,0.2308551696120252,4.0
2016-06-02 04:00:00+00:00,0.2307613589848547,4.0
2016-06-03 04:00:00+00:00,0.23080065359477125,4.0
2016-06-06 04:00:00+00:00,0.23076143161309948,4.0
2016-06-07 04:00:00+00:00,0.2308391396546501,4.0
2016-06-08 04:00:00+00:00,0.23084697796644432,4.0
2016-06-09 04:00:00+00:00,0.2308078273958856,4.0
2016-06-10 04:00:00+00:00,0.2308003642618638,4.0
2016-06-13 04:00:00+00:00,0.230840353400452,4.0
2016-06-14 04:00:00+00:00,0.23076133798481427,4.0
2016-06-15 04:00:00+00:00,0.23080090590899735,4.0
2016-06-16 04:00:00+00:00,0.23085597129677088,4.0
2016-06-17 04:00:00+00:00,0.23077729990559112,4.0
2016-06-20 04:00:00+00:00,0.23080967402733965,4.0
2016-06-21 04:00:00+00:00,0.2308414138254614,4.0
2016-06-22 04:00:00+00:00,0.23076923076923078,4.0
2016-06-23 04:00:00+00:00,0.2308012486992716,4.0
2016-06-24 04:00:00+00:00,0.23083511777301924,4.0
2016-06-27 04:00:00+00:00,0.23076923076923073,4.0
2016-06-28 04:00:00+00:00,0.23079388823592265,4.0
2016-06-29 04:00:00+00:00,0.23082627118644067,4.0
2016-06-30 04:00:00+00:00,0.23085774058577407,4.0
2016-07-01 04:00:00+00:00,0.23078527479403482,4.0
2016-07-05 04:00:00+00:00,0.23076113275081592,4.0
2016-07-06 04:00:00+00:00,0.23081754422694442,4.0
2016-07-07 04:00:00+00:00,0.23076923076923078,4.0
2016-07-08 04:00:00+00:00,0.23076127430699211,4.0
2016-07-11 04:00:00+00:00,0.23076923076923075,4.0
2016-07-12 04:00:00+00:00,0.23085608704578114,4.0
2016-07-13 04:00:00+00:00,0.23082481676473623,4.0
2016-07-14 04:00:00+00:00,0.23079259034315214,4.0
2016-07-15 04:00:00+00:00,0.2308159546466896,4.0
2016-07-18 04:00:00+00:00,0.2307923469898828,4.0
2016-07-19 04:00:00+00:00,0.2308000400520677,4.0
2016-07-20 04:00:00+00:00,0.2307923169267707,4.0
2016-07-21 04:00:00+00:00,0.2308156492004425,4.0
2016-07-22 04:00:00+00:00,0.23079262112304885,4.0
2016-07-25 04:00:00+00:00,0.230840353400452,4.0
2016-07-26 04:00:00+00:00,0.23078514533981584,4.0
2016-07-27 04:00:00+00:00,0.23079164643030597,4.0
2016-07-28 04:00:00+00:00,0.2307839754648265,4.0
2016-07-29 04:00:00+00:00,0.23078399385855486,4.0
2016-08-01 04:00:00+00:00,0.23083451202263083,4.0
2016-08-02 04:00:00+00:00,0.23076186830015313,4.0
2016-08-03 04:00:00+00:00,0.2308346724643161,4.0
2016-08-04 04:00:00+00:00,0.23207707565882685,4.0
2016-08-05 04:00:00+00:00,0.2320431708224786,4.0
2016-08-08 04:00:00+00:00,0.23207529759158435,4.0
2016-08-09 04:00:00+00:00,0.23205587721716753,4.0
2016-08-10 04:00:00+00:00,0.23203703703703701,4.0
2016-08-11 04:00:00+00:00,0.2320948763087186,4.0
2016-08-12 04:00:00+00:00,0.2320207062303568,4.0
2016-08-15 04:00:00+00:00,0.23200584581658748,4.0
2016-08-16 04:00:00+00:00,0.23203510696653867,4.0
2016-08-17 04:00:00+00:00,0.23200878959897456,4.0
2016-08-18 04:00:00+00:00,0.23203153648698202,4.0
2016-08-19 04:00:00+00:00,0.23207754206291148,4.0
2016-08-22 04:00:00+00:00,0.23205234540595335,4.0
2016-08-23 04:00:00+00:00,0.23206247129076712,4.0
2016-08-24 04:00:00+00:00,0.23206516708321762,4.0
2016-08-25 04:00:00+00:00,0.23203495398345267,4.0
2016-08-26 04:00:00+00:00,0.23209276229661494,4.0
2016-08-29 04:00:00+00:00,0.23207264557199028,4.0
2016-08-30 04:00:00+00:00,0.2320754716981132,4.0
2016-08-31 04:00:00+00:00,0.23204524033930257,4.0
2016-09-01 04:00:00+00:00,0.2320809519347887,4.0
2016-09-02 04:00:00+00:00,0.2320616355704075,4.0
2016-09-06 04:00:00+00:00,0.23203342618384398,4.0
2016-09-07 04:00:00+00:00,0.2320044296788483,4.0
2016-09-08 04:00:00+00:00,0.23208870356330552,4.0
2016-09-09 04:00:00+00:00,0.23203723455832445,4.0
2016-09-12 04:00:00+00:00,0.23207511380880122,4.0
2016-09-13 04:00:00+00:00,0.23205187586845763,4.0
2016-09-14 04:00:00+00:00,0.23208374340162835,4.0
2016-09-15 04:00:00+00:00,0.23206714545297225,4.0
2016-09-16 04:00:00+00:00,0.2320744865993735,4.0
2016-09-19 04:00:00+00:00,0.23208311322415917,4.0
2016-09-20 04:00:00+00:00,0.23201549705027738,4.0
2016-09-21 04:00:00+00:00,0.2320563628357552,4.0
2016-09-22 04:00:00+00:00,0.23207119176409005,4.0
2016-09-23 04:00:00+00:00,0.23201135657883062,4.0
2016-09-26 04:00:00+00:00,0.23201630049610208,4.0
2016-09-27 04:00:00+00:00,0.23202758864621095,4.0
2016-09-28 04:00:00+00:00,0.23203159280386135,4.0
2016-09-29 04:00:00+00:00,0.23203779639864502,4.0
2016-09-30 04:00:00+00:00,0.23202122954444937,4.0
2016-10-03 04:00:00+00:00,0.23204763597582653,4.0
2016-10-04 04:00:00+00:00,0.23203539823008848,4.0
2016-10-05 04:00:00+00:00,0.23202122954444937,4.0
2016-10-06 04:00:00+00:00,0.232066028624111,4.0
2016-10-07 04:00:00+00:00,0.2320708399088199,4.0
2016-10-10 04:00:00+00:00,0.23205514864282636,4.0
2016-10-11 04:00:00+00:00,0.23207222699914015,4.0
2016-10-12 04:00:00+00:00,0.2320606783705471,4.0
2016-10-13 04:00:00+00:00,0.2320909557189263,4.0
2016-10-14 04:00:00+00:00,0.2320836521295588,4.0
2016-10-17 04:00:00+00:00,0.23207145895363676,4.0
2016-10-18 04:00:00+00:00,0.23205924917000087,4.0
2016-10-19 04:00:00+00:00,0.23206967213114754,4.0
2016-10-20 04:00:00+00:00,0.23201776866564155,4.0
2016-10-21 04:00:00+00:00,0.2320754716981132,4.0
2016-10-24 04:00:00+00:00,0.23204419889502761,4.0
2016-10-25 04:00:00+00:00,0.23205073995771672,4.0
2016-10-26 04:00:00+00:00,0.2320269919543213,4.0
2016-10-27 04:00:00+00:00,0.23207776427703522,4.0
2016-10-28 04:00:00+00:00,0.2320612029546254,4.0
2016-10-31 04:00:00+00:00,0.23207680112735599,4.0
2016-11-01 04:00:00+00:00,0.2320387478697641,4.0
2016-11-02 04:00:00+00:00,0.23201003674164353,4.0
2016-11-03 04:00:00+00:00,0.2332695984703633,4.0
2016-11-04 04:00:00+00:00,0.2332782065417126,4.0
2016-11-07 05:00:00+00:00,0.23322162847568156,4.0
2016-11-08 05:00:00+00:00,0.23329731676571222,4.0
2016-11-09 05:00:00+00:00,0.23322510822510822,4.0
2016-11-10 05:00:00+00:00,0.23323128305037572,4.0
2016-11-11 05:00:00+00:00,0.23323803375449598,4.0
2016-11-14 05:00:00+00:00,0.23327972755652257,4.0
2016-11-15 05:00:00+00:00,0.2332181869106526,4.0
2016-11-16 05:00:00+00:00,0.2332939358123466,4.0
2016-11-17 05:00:00+00:00,0.23328785811732602,4.0
2016-11-18 05:00:00+00:00,0.23323641650009086,4.0
2016-11-21 05:00:00+00:00,0.2332408484739998,4.0
2016-11-22 05:00:00+00:00,0.2332737030411449,4.0
2016-11-23 05:00:00+00:00,0.23321046480266117,4.0
2016-11-25 05:00:00+00:00,0.23329457017622324,4.0
2016-11-28 05:00:00+00:00,0.23321681455588422,4.0
2016-11-29 05:00:00+00:00,0.23326753992463664,4.0
2016-11-30 05:00:00+00:00,0.23326094824466162,4.0
2016-12-01 05:00:00+00:00,0.2332633117179651,4.0
2016-12-02 05:00:00+00:00,0.23321201091901728,4.0
2016-12-05 05:00:00+00:00,0.2332508477683072,4.0
2016-12-06 05:00:00+00:00,0.23328785811732602,4.0
2016-12-07 05:00:00+00:00,0.2332702873097361,4.0
2016-12-08 05:00:00+00:00,0.23323225115947196,4.0
2016-12-09 05:00:00+00:00,0.23326020184291354,4.0
2016-12-12 05:00:00+00:00,0.23327449249779347,4.0
2016-12-13 05:00:00+00:00,0.2332667766299158,4.0
2016-12-14 05:00:00+00:00,0.2332667766299158,4.0
2016-12-15 05:00:00+00:00,0.23329304092557418,4.0
2016-12-16 05:00:00+00:00,0.2332499784427007,4.0
2016-12-19 05:00:00+00:00,0.23328189300411523,4.0
2016-12-20 05:00:00+00:00,0.23326207781103037,4.0
2016-12-21 05:00:00+00:00,0.23321373654536134,4.0
2016-12-22 05:00:00+00:00,0.23329607016940407,4.0
2016-12-23 05:00:00+00:00,0.233264675592173,4.0
2016-12-27 05:00:00+00:00,0.23324236738870885,4.0
2016-12-28 05:00:00+00:00,0.23321342925659472,4.0
2016-12-29 05:00:00+00:00,0.23327336588708986,4.0
2016-12-30 05:00:00+00:00,0.23329304092557418,4.0
2017-01-03 05:00:00+00:00,0.2332328885062419,4.0
2017-01-04 05:00:00+00:00,0.23323564902603,4.0
2017-01-05 05:00:00+00:00,0.23325615298859445,4.0
2017-01-06 05:00:00+00:00,0.2332287337800017,4.0
2017-01-09 05:00:00+00:00,0.23321287503151528,4.0
2017-01-10 05:00:00+00:00,0.23322978759130217,4.0
2017-01-11 05:00:00+00:00,0.2332359081419624,4.0
2017-01-12 05:00:00+00:00,0.23329140461215933,4.0
2017-01-13 05:00:00+00:00,0.23328293010752688,4.0
2017-01-17 05:00:00+00:00,0.23324999999999999,4.0
2017-01-18 05:00:00+00:00,0.23326943911992665,4.0
2017-01-19 05:00:00+00:00,0.23326097846051094,4.0
2017-01-20 05:00:00+00:00,0.23324999999999999,4.0
2017-01-23 05:00:00+00:00,0.2332611592271819,4.0
2017-01-24 05:00:00+00:00,0.23322497290989413,4.0
2017-01-25 05:00:00+00:00,0.23326222513948147,4.0
2017-01-26 05:00:00+00:00,0.23322945711005413,4.0
2017-01-27 05:00:00+00:00,0.2332923329233292,4.0
2017-01-30 05:00:00+00:00,0.23324837622297132,4.0
2017-01-31 05:00:00+00:00,0.23329213020189535,4.0
2017-02-01 05:00:00+00:00,0.23324271844660194,4.0
2017-02-02 05:00:00+00:00,0.2332529370574963,4.0
2017-02-03 05:00:00+00:00,0.2332661915091416,4.0
2017-02-06 05:00:00+00:00,0.23324890628597744,4.0
2017-02-07 05:00:00+00:00,0.2332547707747282,4.0
2017-02-08 05:00:00+00:00,0.23326264768252047,4.0
2017-02-09 05:00:00+00:00,0.2342546443135478,4.0
2017-02-10 05:00:00+00:00,0.23425673630033303,4.0
2017-02-13 05:00:00+00:00,0.2342261234901343,4.0
2017-02-14 05:00:00+00:00,0.23426159087542583,4.0
2017-02-15 05:00:00+00:00,0.23422625636484393,4.0
2017-02-16 05:00:00+00:00,0.2342901474010861,4.0
2017-02-17 05:00:00+00:00,0.2342322428529325,4.0
2017-02-21 05:00:00+00:00,0.23423555230431606,4.0
2017-02-22 05:00:00+00:00,0.23426445919334837,4.0
2017-02-23 05:00:00+00:00,0.23423423423423423,4.0
2017-02-24 05:00:00+00:00,0.23423093809454118,4.0
2017-02-27 05:00:00+00:00,0.2342802891988607,4.0
2017-02-28 05:00:00+00:00,0.23425067523176876,4.0
2017-03-01 05:00:00+00:00,0.23427999141569497,4.0
2017-03-02 05:00:00+00:00,0.23424006908462863,4.0
2017-03-03 05:00:00+00:00,0.23422521104592933,4.0
2017-03-06 05:00:00+00:00,0.23424716520740635,4.0
2017-03-07 05:00:00+00:00,0.23423165137614677,4.0
2017-03-08 05:00:00+00:00,0.23424460431654678,4.0
2017-03-09 05:00:00+00:00,0.23428035765791752,4.0
2017-03-10 05:00:00+00:00,0.23422452206410815,4.0
2017-03-13 04:00:00+00:00,0.23426724137931035,4.0
2017-03-14 04:00:00+00:00,0.2342614576588244,4.0
2017-03-15 04:00:00+00:00,0.23423038587498218,4.0
2017-03-16 04:00:00+00:00,0.23427393560309903,4.0
2017-03-17 04:00:00+00:00,0.23423101650117864,4.0
2017-03-20 04:00:00+00:00,0.23427117206277392,4.0
2017-03-21 04:00:00+00:00,0.23426773455377572,4.0
2017-03-22 04:00:00+00:00,0.2342667232357517,4.0
2017-03-23 04:00:00+00:00,0.23424638092534772,4.0
2017-03-24 04:00:00+00:00,0.23428612059158138,4.0
2017-03-27 04:00:00+00:00,0.23424190800681433,4.0
2017-03-28 04:00:00+00:00,0.23428372739916548,4.0
2017-03-29 04:00:00+00:00,0.23424923674715512,4.0
2017-03-30 04:00:00+00:00,0.23428055304661988,4.0
2017-03-31 04:00:00+00:00,0.23423360712794097,4.0
2017-04-03 04:00:00+00:00,0.23423799582463464,4.0
2017-04-04 04:00:00+00:00,0.2342336119361746,4.0
2017-04-05 04:00:00+00:00,0.23427301763643937,4.0
2017-04-06 04:00:00+00:00,0.23423360712794097,4.0
2017-04-07 04:00:00+00:00,0.23426817357332216,4.0
2017-04-10 04:00:00+00:00,0.23426695536774467,4.0
2017-04-11 04:00:00+00:00,0.23427239991527218,4.0
2017-04-12 04:00:00+00:00,0.23427362482369532,4.0
2017-04-13 04:00:00+00:00,0.23424317617866003,4.0
2017-04-17 04:00:00+00:00,0.23422407107100046,4.0
2017-04-18 04:00:00+00:00,0.23427762039660058,4.0
2017-04-19 04:00:00+00:00,0.2342905885698038,4.0
2017-04-20 04:00:00+00:00,0.23427408031451838,4.0
2017-04-21 04:00:00+00:00,0.23427286146060305,4.0
2017-04-24 04:00:00+00:00,0.23426622110832637,4.0
2017-04-25 04:00:00+00:00,0.23427662077077424,4.0
2017-04-26 04:00:00+00:00,0.23427060133630287,4.0
2017-04-27 04:00:00+00:00,0.23423047499826136,4.0
2017-04-28 04:00:00+00:00,0.23424991298294465,4.0
2017-05-01 04:00:00+00:00,0.2342747987447128,4.0
2017-05-02 04:00:00+00:00,0.23428920073215379,4.0
2017-05-03 04:00:00+00:00,0.23425812593499254,4.0
2017-05-04 04:00:00+00:00,0.2342864942332628,4.0
2017-05-05 04:00:00+00:00,0.2342910848549946,4.0
2017-05-08 04:00:00+00:00,0.23423305666296323,4.0
2017-05-09 04:00:00+00:00,0.2342359893499578,4.0
2017-05-10 04:00:00+00:00,0.2342424637870286,4.0
2017-05-11 04:00:00+00:00,0.2352062357908412,4.0
2017-05-12 04:00:00+00:00,0.23523382447149263,4.0
2017-05-15 04:00:00+00:00,0.23519588953114964,4.0
2017-05-16 04:00:00+00:00,0.2352222293690101,4.0
2017-05-17 04:00:00+00:00,0.23520798668885193,4.0
2017-05-18 04:00:00+00:00,0.23521699226432413,4.0
2017-05-19 04:00:00+00:00,0.23520188161505293,4.0
2017-05-22 04:00:00+00:00,0.23521007857653092,4.0
2017-05-23 04:00:00+00:00,0.23524057217165148,4.0
2017-05-24 04:00:00+00:00,0.23522890309116995,4.0
2017-05-25 04:00:00+00:00,0.235198544225645,4.0
2017-05-26 04:00:00+00:00,0.2352060412733546,4.0
2017-05-30 04:00:00+00:00,0.23524435478623024,4.0
2017-05-31 04:00:00+00:00,0.23520555119141137,4.0
2017-06-01 04:00:00+00:00,0.23521347434390913,4.0
2017-06-02 04:00:00+00:00,0.23518816339659057,4.0
2017-06-05 04:00:00+00:00,0.2352367959462093,4.0
2017-06-06 04:00:00+00:00,0.23522175461314343,4.0
2017-06-07 04:00:00+00:00,0.23524489927270384,4.0
2017-06-08 04:00:00+00:00,0.23524098328924445,4.0
2017-06-09 04:00:00+00:00,0.2351993556182038,4.0
2017-06-12 04:00:00+00:00,0.235249621785174,4.0
2017-06-13 04:00:00+00:00,0.23521386179139092,4.0
2017-06-14 04:00:00+00:00,0.23518875723339763,4.0
2017-06-15 04:00:00+00:00,0.23522073601774204,4.0
2017-06-16 04:00:00+00:00,0.23518661699585294,4.0
2017-06-19 04:00:00+00:00,0.23520568539018724,4.0
2017-06-20 04:00:00+00:00,0.23522515688573203,4.0
2017-06-21 04:00:00+00:00,0.23520943305683142,4.0
2017-06-22 04:00:00+00:00,0.23518505802375886,4.0
2017-06-23 04:00:00+00:00,0.23523379819524198,4.0
2017-06-26 04:00:00+00:00,0.23522150596625976,4.0
2017-06-27 04:00:00+00:00,0.23523272803172618,4.0
2017-06-28 04:00:00+00:00,0.23520537612288278,4.0
2017-06-29 04:00:00+00:00,0.2352449888641425,4.0
2017-06-30 04:00:00+00:00,0.2352451048465491,4.0
2017-07-03 04:00:00+00:00,0.23523693803159174,4.0
2017-07-05 04:00:00+00:00,0.2352002220834201,4.0
2017-07-06 04:00:00+00:00,0.23519932740138724,4.0
2017-07-07 04:00:00+00:00,0.23519212095991118,4.0
2017-07-10 04:00:00+00:00,0.23521301530401212,4.0
2017-07-11 04:00:00+00:00,0.23520923520923517,4.0
2017-07-12 04:00:00+00:00,0.23521339371483463,4.0
2017-07-13 04:00:00+00:00,0.23523042566150096,4.0
2017-07-14 04:00:00+00:00,0.23523886205045627,4.0
2017-07-17 04:00:00+00:00,0.23522332174378174,4.0
2017-07-18 04:00:00+00:00,0.23520788912579954,4.0
2017-07-19 04:00:00+00:00,0.23520063567739372,4.0
2017-07-20 04:00:00+00:00,0.23520021285087134,4.0
2017-07-21 04:00:00+00:00,0.23524322885472815,4.0
2017-07-24 04:00:00+00:00,0.2351896903149451,4.0
2017-07-25 04:00:00+00:00,0.2352363493518397,4.0
2017-07-26 04:00:00+00:00,0.23524045353838133,4.0
2017-07-27 04:00:00+00:00,0.2351886291179596,4.0
2017-07-28 04:00:00+00:00,0.2351839464882943,4.0
2017-07-31 04:00:00+00:00,0.23519128622335775,4.0
2017-08-01 04:00:00+00:00,0.23518827057647448,4.0
2017-08-02 04:00:00+00:00,0.23520427644138986,4.0
2017-08-03 04:00:00+00:00,0.23519958860962914,4.0
2017-08-04 04:00:00+00:00,0.2352452202826268,4.0
2017-08-07 04:00:00+00:00,0.23518670108935205,4.0
2017-08-08 04:00:00+00:00,0.2351949025487256,4.0
2017-08-09 04:00:00+00:00,0.23519185396746556,4.0
2017-08-10 04:00:00+00:00,0.23615761009528716,4.0
2017-08-11 04:00:00+00:00,0.23615697231394464,4.0
2017-08-14 04:00:00+00:00,0.2361588989677823,4.0
2017-08-15 04:00:00+00:00,0.23620049504950497,4.0
2017-08-16 04:00:00+00:00,0.23616029822926374,4.0
2017-08-17 04:00:00+00:00,0.2361586215634106,4.0
2017-08-18 04:00:00+00:00,0.2361904761904762,4.0
2017-08-21 04:00:00+00:00,0.23618090452261306,4.0
2017-08-22 04:00:00+00:00,0.23619977469019904,4.0
2017-08-23 04:00:00+00:00,0.23615451931491438,4.0
2017-08-24 04:00:00+00:00,0.2361398882400954,4.0
2017-08-25 04:00:00+00:00,0.23614412611034652,4.0
2017-08-28 04:00:00+00:00,0.23614293676843998,4.0
2017-08-29 04:00:00+00:00,0.23614265545393162,4.0
2017-08-30 04:00:00+00:00,0.23617998163452708,4.0
2017-08-31 04:00:00+00:00,0.23615853658536584,4.0
2017-09-01 04:00:00+00:00,0.23614751600121914,4.0
2017-09-05 04:00:00+00:00,0.2361796643632774,4.0
2017-09-06 04:00:00+00:00,0.23618059415724788,4.0
2017-09-07 04:00:00+00:00,0.2361403943941461,4.0
2017-09-08 04:00:00+00:00,0.23614700876252917,4.0
2017-09-11 04:00:00+00:00,0.2361609907120743,4.0
2017-09-12 04:00:00+00:00,0.2361680964814124,4.0
2017-09-13 04:00:00+00:00,0.23614155966176012,4.0
2017-09-14 04:00:00+00:00,0.23616376042456408,4.0
2017-09-15 04:00:00+00:00,0.23617713284963723,4.0
2017-09-18 04:00:00+00:00,0.23615050103989413,4.0
2017-09-19 04:00:00+00:00,0.23618723618723622,4.0
2017-09-20 04:00:00+00:00,0.23617607483821362,4.0
2017-09-21 04:00:00+00:00,0.23619531912119435,4.0
2017-09-22 04:00:00+00:00,0.23615774573704656,4.0
2017-09-25 04:00:00+00:00,0.2362005978080372,4.0
2017-09-26 04:00:00+00:00,0.2361891080057464,4.0
2017-09-27 04:00:00+00:00,0.23614082863256178,4.0
2017-09-28 04:00:00+00:00,0.23616910229645097,4.0
2017-09-29 04:00:00+00:00,0.2361796003114456,4.0
2017-10-02 04:00:00+00:00,0.23620050711917298,4.0
2017-10-03 04:00:00+00:00,0.23614707405489382,4.0
2017-10-04 04:00:00+00:00,0.2361871253583529,4.0
2017-10-05 04:00:00+00:00,0.23617993435871037,4.0
2017-10-06 04:00:00+00:00,0.2361880231809401,4.0
2017-10-09 04:00:00+00:00,0.2361396303901437,4.0
2017-10-10 04:00:00+00:00,0.23617703656189865,4.0
2017-10-11 04:00:00+00:00,0.23615458320025548,4.0
2017-10-12 04:00:00+00:00,0.2361538461538462,4.0
2017-10-13 04:00:00+00:00,0.2361933881138926,4.0
2017-10-16 04:00:00+00:00,0.23617713284963723,4.0
2017-10-17 04:00:00+00:00,0.2361812176730853,4.0
2017-10-18 04:00:00+00:00,0.23616675012518779,4.0
2017-10-19 04:00:00+00:00,0.23618412617002182,4.0
2017-10-20 04:00:00+00:00,0.23615999999999998,4.0
2017-10-23 04:00:00+00:00,0.23615291029006855,4.0
2017-10-24 04:00:00+00:00,0.23615531508593254,4.0
2017-10-25 04:00:00+00:00,0.23617415766255354,4.0
2017-10-26 04:00:00+00:00,0.23619846261355695,4.0
2017-10-27 04:00:00+00:00,0.23618521925789632,4.0
2017-10-30 04:00:00+00:00,0.23614443378119002,4.0
2017-10-31 04:00:00+00:00,0.23615712257453858,4.0
2017-11-01 04:00:00+00:00,0.23614356761939,4.0
2017-11-02 04:00:00+00:00,0.23615489857831182,4.0
2017-11-03 04:00:00+00:00,0.23617391304347826,4.0
2017-11-06 05:00:00+00:00,0.23615494978479196,4.0
2017-11-07 05:00:00+00:00,0.23619930209942222,4.0
2017-11-08 05:00:00+00:00,0.23615524285065817,4.0
2017-11-09 05:00:00+00:00,0.2361837616556743,4.0
2017-11-10 05:00:00+00:00,0.23701837751187954,4.0
2017-11-13 05:00:00+00:00,0.23699488417543252,4.0
2017-11-14 05:00:00+00:00,0.23701412396404808,4.0
2017-11-15 05:00:00+00:00,0.23704755145493256,4.0
2017-11-16 05:00:00+00:00,0.23699590882524837,4.0
2017-11-17 05:00:00+00:00,0.23702615339406405,4.0
2017-11-20 05:00:00+00:00,0.23702788563360397,4.0
2017-11-21 05:00:00+00:00,0.23703361441607948,4.0
2017-11-22 05:00:00+00:00,0.23702560585276633,4.0
2017-11-24 05:00:00+00:00,0.2370120592101503,4.0
2017-11-27 05:00:00+00:00,0.2370038485840657,4.0
2017-11-28 05:00:00+00:00,0.23701392500144453,4.0
2017-11-29 05:00:00+00:00,0.23701911729997643,4.0
2017-11-30 05:00:00+00:00,0.23700901949374453,4.0
2017-12-01 05:00:00+00:00,0.2370067231803566,4.0
2017-12-04 05:00:00+00:00,0.23704358068315665,4.0
2017-12-05 05:00:00+00:00,0.23703136052817733,4.0
2017-12-06 05:00:00+00:00,0.23702739482870838,4.0
2017-12-07 05:00:00+00:00,0.23699926822935108,4.0
2017-12-08 05:00:00+00:00,0.23699592607899864,4.0
2017-12-11 05:00:00+00:00,0.23704175595065735,4.0
2017-12-12 05:00:00+00:00,0.23704135119394296,4.0
2017-12-13 05:00:00+00:00,0.23701166773088753,4.0
2017-12-14 05:00:00+00:00,0.23702241319242828,4.0
2017-12-15 05:00:00+00:00,0.23701616149997123,4.0
2017-12-18 05:00:00+00:00,0.23704795374674076,4.0
2017-12-19 05:00:00+00:00,0.23702303196974905,4.0
2017-12-20 05:00:00+00:00,0.2369945511901348,4.0
2017-12-21 05:00:00+00:00,0.23701502771270214,4.0
2017-12-22 05:00:00+00:00,0.23701502771270214,4.0
2017-12-26 05:00:00+00:00,0.23702878583572728,4.0
2017-12-27 05:00:00+00:00,0.23704572098475968,4.0
2017-12-28 05:00:00+00:00,0.2370236146831891,4.0
2017-12-29 05:00:00+00:00,0.23701471370324412,4.0
2018-01-02 05:00:00+00:00,0.2370254266805991,4.0
2018-01-03 05:00:00+00:00,0.23700865122220288,4.0
2018-01-04 05:00:00+00:00,0.23701092296133616,4.0
2018-01-05 05:00:00+00:00,0.23702857142857142,4.0
2018-01-08 05:00:00+00:00,0.2369945511901348,4.0
2018-01-09 05:00:00+00:00,0.23702174037744506,4.0
2018-01-10 05:00:00+00:00,0.23701876183372542,4.0
2018-01-11 05:00:00+00:00,0.23704929256047466,4.0
2018-01-12 05:00:00+00:00,0.23699813654074198,4.0
2018-01-16 05:00:00+00:00,0.23701685680231568,4.0
2018-01-17 05:00:00+00:00,0.23701842546063653,4.0
2018-01-18 05:00:00+00:00,0.2370300122726766,4.0
2018-01-19 05:00:00+00:00,0.23702790541297766,4.0
2018-01-22 05:00:00+00:00,0.23700564971751414,4.0
2018-01-23 05:00:00+00:00,0.23700858563036603,4.0
2018-01-24 05:00:00+00:00,0.23699919641832165,4.0
2018-01-25 05:00:00+00:00,0.2370405002629887,4.0
2018-01-26 05:00:00+00:00,0.23701241910092707,4.0
2018-01-29 05:00:00+00:00,0.23702071921886164,4.0
2018-01-30 05:00:00+00:00,0.23704857159968856,4.0
2018-01-31 05:00:00+00:00,0.236994564892791,4.0
2018-02-01 05:00:00+00:00,0.23703659554178091,4.0
2018-02-02 05:00:00+00:00,0.2370144041903099,4.0
2018-02-05 05:00:00+00:00,0.23701194964534475,4.0
2018-02-06 05:00:00+00:00,0.23701159295835122,4.0
2018-02-07 05:00:00+00:00,0.2369938573398521,4.0
2018-02-08 05:00:00+00:00,0.2369964550435063,4.0
2018-02-09 05:00:00+00:00,0.23796432453167957,4.0
2018-02-12 05:00:00+00:00,0.23796939339929934,4.0
2018-02-13 05:00:00+00:00,0.23798223195813556,4.0
2018-02-14 05:00:00+00:00,0.23797574236721036,4.0
2018-02-15 05:00:00+00:00,0.23799063529683798,4.0
2018-02-16 05:00:00+00:00,0.23795163254654061,4.0
2018-02-20 05:00:00+00:00,0.23799825429153332,4.0
2018-02-21 05:00:00+00:00,0.2379727596890162,4.0
2018-02-22 05:00:00+00:00,0.23794901506373117,4.0
2018-02-23 05:00:00+00:00,0.2379880948990345,4.0
2018-02-26 05:00:00+00:00,0.23797284461082865,4.0
2018-02-27 05:00:00+00:00,0.237961769157464,4.0
2018-02-28 05:00:00+00:00,0.23798562766674153,4.0
2018-03-01 05:00:00+00:00,0.238,4.0
2018-03-02 05:00:00+00:00,0.23795471312638328,4.0
2018-03-05 05:00:00+00:00,0.23798212871847077,4.0
2018-03-06 05:00:00+00:00,0.23795777438161544,4.0
2018-03-07 05:00:00+00:00,0.2379592069930869,4.0
2018-03-08 05:00:00+00:00,0.2379902791906861,4.0
2018-03-09 05:00:00+00:00,0.23797088565396154,4.0
2018-03-12 04:00:00+00:00,0.238003521901827,4.0
2018-03-13 04:00:00+00:00,0.23798410846252152,4.0
2018-03-14 04:00:00+00:00,0.23795113203317642,4.0
2018-03-15 04:00:00+00:00,0.23795130142737195,4.0
2018-03-16 04:00:00+00:00,0.23795079204583752,4.0
2018-03-19 04:00:00+00:00,0.2379920136908157,4.0
2018-03-20 04:00:00+00:00,0.23795937000684775,4.0
2018-03-21 04:00:00+00:00,0.23798680446079287,4.0
2018-03-22 04:00:00+00:00,0.23796973555627943,4.0
2018-03-23 04:00:00+00:00,0.23796532072268703,4.0
2018-03-26 04:00:00+00:00,0.23800428315101,4.0
2018-03-27 04:00:00+00:00,0.23797077343471545,4.0
2018-03-28 04:00:00+00:00,0.23798654493032195,4.0
2018-03-29 04:00:00+00:00,0.2379902252950292,4.0
2018-04-02 04:00:00+00:00,0.23800095992320613,4.0
2018-04-03 04:00:00+00:00,0.23795949878258807,4.0
2018-04-04 04:00:00+00:00,0.23798146961132802,4.0
2018-04-05 04:00:00+00:00,0.23796296296296293,4.0
2018-04-06 04:00:00+00:00,0.23797363107257394,4.0
2018-04-09 04:00:00+00:00,0.23798882681564243,4.0
2018-04-10 04:00:00+00:00,0.23797979797979796,4.0
2018-04-11 04:00:00+00:00,0.23799582463465552,4.0
2018-04-12 04:00:00+00:00,0.23796944986792237,4.0
2018-04-13 04:00:00+00:00,0.23797526339899225,4.0
2018-04-16 04:00:00+00:00,0.23797065180298035,4.0
2018-04-17 04:00:00+00:00,0.23799371633752245,4.0
2018-04-18 04:00:00+00:00,0.23796671165092217,4.0
2018-04-19 04:00:00+00:00,0.23796296296296293,4.0
2018-04-20 04:00:00+00:00,0.23799179338643495,4.0
2018-04-23 04:00:00+00:00,0.23795691115952552,4.0
2018-04-24 04:00:00+00:00,0.23800171842395976,4.0
2018-04-25 04:00:00+00:00,0.2380079437824626,4.0
2018-04-26 04:00:00+00:00,0.23797345024966507,4.0
2018-04-27 04:00:00+00:00,0.2379866929521932,4.0
2018-04-30 04:00:00+00:00,0.2379886239864456,4.0
2018-05-01 04:00:00+00:00,0.23796570076877588,4.0
2018-05-02 04:00:00+00:00,0.23797927167695535,4.0
2018-05-03 04:00:00+00:00,0.23800101758154787,4.0
2018-05-04 04:00:00+00:00,0.2379916226948811,4.0
2018-05-07 04:00:00+00:00,0.2379563620652409,4.0
2018-05-08 04:00:00+00:00,0.23800053748992206,4.0
2018-05-09 04:00:00+00:00,0.23799103330486762,4.0
2018-05-10 04:00:00+00:00,0.23800252578404546,4.0
2018-05-11 04:00:00+00:00,0.23887798928893364,4.0
2018-05-14 04:00:00+00:00,0.2389051288865267,4.0
2018-05-15 04:00:00+00:00,0.2388972323535722,4.0
2018-05-16 04:00:00+00:00,0.2389201828036986,4.0
2018-05-17 04:00:00+00:00,0.23888978020214985,4.0
2018-05-18 04:00:00+00:00,0.23890290376254628,4.0
2018-05-21 04:00:00+00:00,0.23887438042956885,4.0
2018-05-22 04:00:00+00:00,0.23889363519863308,4.0
2018-05-23 04:00:00+00:00,0.2389042259503079,4.0
2018-05-24 04:00:00+00:00,0.2389051288865267,4.0
2018-05-25 04:00:00+00:00,0.23889065648531124,4.0
2018-05-29 04:00:00+00:00,0.23890367216604577,4.0
2018-05-30 04:00:00+00:00,0.23888,4.0
2018-05-31 04:00:00+00:00,0.23888264568951678,4.0
2018-06-01 04:00:00+00:00,0.23890874684608915,4.0
2018-06-04 04:00:00+00:00,0.23890945107647393,4.0
2018-06-05 04:00:00+00:00,0.2388909006259376,4.0
2018-06-06 04:00:00+00:00,0.23889060727910097,4.0
2018-06-07 04:00:00+00:00,0.23891243667941692,4.0
2018-06-08 04:00:00+00:00,0.2389149713093375,4.0
2018-06-11 04:00:00+00:00,0.2388746535585421,4.0
2018-06-12 04:00:00+00:00,0.23892240482629498,4.0
2018-06-13 04:00:00+00:00,0.23890928159412692,4.0
2018-06-14 04:00:00+00:00,0.23888888888888887,4.0
2018-06-15 04:00:00+00:00,0.23887947468756618,4.0
2018-06-18 04:00:00+00:00,0.2389000741761153,4.0
2018-06-19 04:00:00+00:00,0.2388927782863913,4.0
2018-06-20 04:00:00+00:00,0.2388739946380697,4.0
2018-06-21 04:00:00+00:00,0.23891944354577807,4.0
2018-06-22 04:00:00+00:00,0.23891412502703874,4.0
2018-06-25 04:00:00+00:00,0.23889773288686394,4.0
2018-06-26 04:00:00+00:00,0.23889822696958196,4.0
2018-06-27 04:00:00+00:00,0.23892267593397046,4.0
2018-06-28 04:00:00+00:00,0.23892183288409705,4.0
2018-06-29 04:00:00+00:00,0.23888498730484575,4.0
2018-07-02 04:00:00+00:00,0.2389144139331125,4.0
2018-07-03 04:00:00+00:00,0.23890822096563724,4.0
2018-07-05 04:00:00+00:00,0.23888888888888887,4.0
2018-07-06 04:00:00+00:00,0.2389211044315582,4.0
2018-07-09 04:00:00+00:00,0.23890229824745512,4.0
2018-07-10 04:00:00+00:00,0.23887575518781193,4.0
2018-07-11 04:00:00+00:00,0.23887587822014053,4.0
2018-07-12 04:00:00+00:00,0.2389199937208937,4.0
2018-07-13 04:00:00+00:00,0.23890660116029894,4.0
2018-07-16 04:00:00+00:00,0.23890838615054213,4.0
2018-07-17 04:00:00+00:00,0.23891355445285978,4.0
2018-07-18 04:00:00+00:00,0.23891806722689077,4.0
2018-07-19 04:00:00+00:00,0.2388993120700438,4.0
2018-07-20 04:00:00+00:00,0.23887379857918928,4.0
2018-07-23 04:00:00+00:00,0.23892281196179738,4.0
2018-07-24 04:00:00+00:00,0.2389119170984456,4.0
2018-07-25 04:00:00+00:00,0.23888717790781233,4.0
2018-07-26 04:00:00+00:00,0.23891663663045157,4.0
2018-07-27 04:00:00+00:00,0.23887318043774217,4.0
2018-07-30 04:00:00+00:00,0.23890263809172765,4.0
2018-07-31 04:00:00+00:00,0.23889852330653216,4.0
2018-08-01 04:00:00+00:00,0.23890818858560794,4.0
2018-08-02 04:00:00+00:00,0.2389218380828391,4.0
2018-08-03 04:00:00+00:00,0.23890571662099136,4.0
2018-08-06 04:00:00+00:00,0.23891519586741286,4.0
2018-08-07 04:00:00+00:00,0.23890686108831052,4.0
2018-08-08 04:00:00+00:00,0.23889022919179734,4.0
2018-08-09 04:00:00+00:00,0.23889314438912293,4.0
2018-08-10 04:00:00+00:00,0.23972437719847733,4.0
2018-08-13 04:00:00+00:00,0.23971848518217073,4.0
2018-08-14 04:00:00+00:00,0.23976162097735398,4.0
2018-08-15 04:00:00+00:00,0.23972602739726026,4.0
2018-08-16 04:00:00+00:00,0.2397337333583349,4.0
2018-08-17 04:00:00+00:00,0.2397279161687655,4.0
2018-08-20 04:00:00+00:00,0.23971966954423093,4.0
2018-08-21 04:00:00+00:00,0.23972284226190477,4.0
2018-08-22 04:00:00+00:00,0.23975819576842594,4.0
2018-08-23 04:00:00+00:00,0.23973270221355977,4.0
2018-08-24 04:00:00+00:00,0.2397298297557365,4.0
2018-08-27 04:00:00+00:00,0.23974488391300358,4.0
2018-08-28 04:00:00+00:00,0.2397360036413291,4.0
2018-08-29 04:00:00+00:00,0.239752444165396,4.0
2018-08-30 04:00:00+00:00,0.2397458116695552,4.0
2018-08-31 04:00:00+00:00,0.23973114264376402,4.0
2018-09-04 04:00:00+00:00,0.23975302154492906,4.0
2018-09-05 04:00:00+00:00,0.23974082073434125,4.0
2018-09-06 04:00:00+00:00,0.23975795607350966,4.0
2018-09-07 04:00:00+00:00,0.2397198373248983,4.0
2018-09-10 04:00:00+00:00,0.23972885082214995,4.0
2018-09-11 04:00:00+00:00,0.23975876703149432,4.0
2018-09-12 04:00:00+00:00,0.23974306780657711,4.0
2018-09-13 04:00:00+00:00,0.2397420608630361,4.0
2018-09-14 04:00:00+00:00,0.23972480343102215,4.0
2018-09-17 04:00:00+00:00,0.23971911143748853,4.0
2018-09-18 04:00:00+00:00,0.23973607038123165,4.0
2018-09-19 04:00:00+00:00,0.23973073224344005,4.0
2018-09-20 04:00:00+00:00,0.2397400354497114,4.0
2018-09-21 04:00:00+00:00,0.23973169162914637,4.0
2018-09-24 04:00:00+00:00,0.23973006023823543,4.0
2018-09-25 04:00:00+00:00,0.2397497637157388,4.0
2018-09-26 04:00:00+00:00,0.23972416296161875,4.0
2018-09-27 04:00:00+00:00,0.23974216492553901,4.0
2018-09-28 04:00:00+00:00,0.23974483919553466,4.0
2018-10-01 04:00:00+00:00,0.23972542462377894,4.0
2018-10-02 04:00:00+00:00,0.23975052337752964,4.0
2018-10-03 04:00:00+00:00,0.23975524626190375,4.0
2018-10-04 04:00:00+00:00,0.2397473573402342,4.0
2018-10-05 04:00:00+00:00,0.23973427259351734,4.0
2018-10-08 04:00:00+00:00,0.23975510568887695,4.0
2018-10-09 04:00:00+00:00,0.23974082073434125,4.0
2018-10-10 04:00:00+00:00,0.23973932334997225,4.0
2018-10-11 04:00:00+00:00,0.23972954068547447,4.0
2018-10-12 04:00:00+00:00,0.23974607176624194,4.0
2018-10-15 04:00:00+00:00,0.23974052263525947,4.0
2018-10-16 04:00:00+00:00,0.23974791807337384,4.0
2018-10-17 04:00:00+00:00,0.23974863239748634,4.0
2018-10-18 04:00:00+00:00,0.23974631978520505,4.0
2018-10-19 04:00:00+00:00,0.23975194929551774,4.0
2018-10-22 04:00:00+00:00,0.23974620439610242,4.0
2018-10-23 04:00:00+00:00,0.23975216630000448,4.0
2018-10-24 04:00:00+00:00,0.23976010042307871,4.0
2018-10-25 04:00:00+00:00,0.23971792538671519,4.0
2018-10-26 04:00:00+00:00,0.23975959315765139,4.0
2018-10-29 04:00:00+00:00,0.23972860912174895,4.0
2018-10-30 04:00:00+00:00,0.23975621190811064,4.0
2018-10-31 04:00:00+00:00,0.23974230101434704,4.0
2018-11-01 04:00:00+00:00,0.23971739717397175,4.0
2018-11-02 04:00:00+00:00,0.23973395026026606,4.0
2018-11-05 05:00:00+00:00,0.23974403492236718,4.0
2018-11-06 05:00:00+00:00,0.23973106934288657,4.0
2018-11-07 05:00:00+00:00,0.23972374374851155,4.0
2018-11-08 05:00:00+00:00,0.2405870785169552,4.0
2018-11-09 05:00:00+00:00,0.2405731892209126,4.0
2018-11-12 05:00:00+00:00,0.2405623937786476,4.0
2018-11-13 05:00:00+00:00,0.2405972012693128,4.0
2018-11-14 05:00:00+00:00,0.2405781584582441,4.0
2018-11-15 05:00:00+00:00,0.24058304163836788,4.0
2018-11-16 05:00:00+00:00,0.24058285537126028,4.0
2018-11-19 05:00:00+00:00,0.24055740880232432,4.0
2018-11-20 05:00:00+00:00,0.24059215730591027,4.0
2018-11-21 05:00:00+00:00,0.24060150375939854,4.0
2018-11-23 05:00:00+00:00,0.24058273840617567,4.0
2018-11-26 05:00:00+00:00,0.24057954415301797,4.0
2018-11-27 05:00:00+00:00,0.24058769513314968,4.0
2018-11-28 05:00:00+00:00,0.24057698684646844,4.0
2018-11-29 05:00:00+00:00,0.2406015037593985,4.0
2018-11-30 05:00:00+00:00,0.2405644529062605,4.0
2018-12-03 05:00:00+00:00,0.2405583811275836,4.0
2018-12-04 05:00:00+00:00,0.24059086535740562,4.0
2018-12-06 05:00:00+00:00,0.2405563186813187,4.0
2018-12-07 05:00:00+00:00,0.2406077512018517,4.0
2018-12-10 05:00:00+00:00,0.24056603773584906,4.0
2018-12-11 05:00:00+00:00,0.2405858981201447,4.0
2018-12-12 05:00:00+00:00,0.2405677114133649,4.0
2018-12-13 05:00:00+00:00,0.24059666569172275,4.0
2018-12-14 05:00:00+00:00,0.24057287889775203,4.0
2018-12-17 05:00:00+00:00,0.24057582042210562,4.0
2018-12-18 05:00:00+00:00,0.2405612091286807,4.0
2018-12-19 05:00:00+00:00,0.2405991671328237,4.0
2018-12-20 05:00:00+00:00,0.24057897086016702,4.0
2018-12-21 05:00:00+00:00,0.2405625953692032,4.0
2018-12-24 05:00:00+00:00,0.24055029626098207,4.0
2018-12-26 05:00:00+00:00,0.24056753833428773,4.0
2018-12-27 05:00:00+00:00,0.24060198527057317,4.0
2018-12-28 05:00:00+00:00,0.24060679767010182,4.0
2018-12-31 05:00:00+00:00,0.24060817231548937,4.0
2019-01-02 05:00:00+00:00,0.24056484295846,4.0
2019-01-03 05:00:00+00:00,0.240593571981152,4.0
2019-01-04 05:00:00+00:00,0.24059085390530152,4.0
2019-01-07 05:00:00+00:00,0.24058676401000476,4.0
2019-01-08 05:00:00+00:00,0.24059701492537316,4.0
2019-01-09 05:00:00+00:00,0.2405583458352358,4.0
2019-01-10 05:00:00+00:00,0.24057217165149544,4.0
2019-01-11 05:00:00+00:00,0.2405936043075711,4.0
2019-01-14 05:00:00+00:00,0.24060000000000004,4.0
2019-01-15 05:00:00+00:00,0.2406088717580192,4.0
2019-01-16 05:00:00+00:00,0.2406092681037821,4.0
2019-01-17 05:00:00+00:00,0.24060053894520722,4.0
2019-01-18 05:00:00+00:00,0.24059431195000636,4.0
2019-01-22 05:00:00+00:00,0.2405740378343118,4.0
2019-01-23 05:00:00+00:00,0.24057952182952186,4.0
2019-01-24 05:00:00+00:00,0.2406024885396202,4.0
2019-01-25 05:00:00+00:00,0.24055527383367142,4.0
2019-01-28 05:00:00+00:00,0.24056301983365322,4.0
2019-01-29 05:00:00+00:00,0.24056115852081716,4.0
2019-01-30 05:00:00+00:00,0.24060514372163389,4.0
2019-01-31 05:00:00+00:00,0.24056717135304012,4.0
2019-02-01 05:00:00+00:00,0.24057170309872689,4.0
2019-02-04 05:00:00+00:00,0.24058394160583943,4.0
2019-02-05 05:00:00+00:00,0.2405557469284648,4.0
2019-02-06 05:00:00+00:00,0.24058769513314968,4.0
2019-02-07 05:00:00+00:00,0.24055224055224053,4.0
2019-02-08 05:00:00+00:00,0.24159380318056453,4.0
2019-02-11 05:00:00+00:00,0.2416337130378327,4.0
2019-02-12 05:00:00+00:00,0.24161741471121775,4.0
2019-02-13 05:00:00+00:00,0.24162651310377245,4.0
2019-02-14 05:00:00+00:00,0.24162763466042156,4.0
2019-02-15 05:00:00+00:00,0.24163830536322028,4.0
2019-02-19 05:00:00+00:00,0.24161937635289296,4.0
2019-02-20 05:00:00+00:00,0.2415857699238505,4.0
2019-02-21 05:00:00+00:00,0.24161113059745118,4.0
2019-02-22 05:00:00+00:00,0.24163052905464008,4.0
2019-02-25 05:00:00+00:00,0.24163462090340357,4.0
2019-02-26 05:00:00+00:00,0.2416107382550335,4.0
2019-02-27 05:00:00+00:00,0.24160805169554525,4.0
2019-02-28 05:00:00+00:00,0.24158244296852438,4.0
2019-03-01 05:00:00+00:00,0.24158427158941534,4.0
2019-03-04 05:00:00+00:00,0.241626386124538,4.0
2019-03-05 05:00:00+00:00,0.24161112060616416,4.0
2019-03-06 05:00:00+00:00,0.24163419665367866,4.0
2019-03-07 05:00:00+00:00,0.2416231884057971,4.0
2019-03-08 05:00:00+00:00,0.24162859290960617,4.0
2019-03-11 04:00:00+00:00,0.24158747903856903,4.0
2019-03-12 04:00:00+00:00,0.24161185119672765,4.0
2019-03-13 04:00:00+00:00,0.24159374828022673,4.0
2019-03-14 04:00:00+00:00,0.2416045283840418,4.0
2019-03-15 04:00:00+00:00,0.24161831076724694,4.0
2019-03-18 04:00:00+00:00,0.24162323157110943,4.0
2019-03-19 04:00:00+00:00,0.24162333136760844,4.0
2019-03-20 04:00:00+00:00,0.2416028911564626,4.0
2019-03-21 04:00:00+00:00,0.24163206725101236,4.0
2019-03-22 04:00:00+00:00,0.2416121434179534,4.0
2019-03-25 04:00:00+00:00,0.24160220409028293,4.0
2019-03-26 04:00:00+00:00,0.24160822313828365,4.0
2019-03-27 04:00:00+00:00,0.2416299676341062,4.0
2019-03-28 04:00:00+00:00,0.24162780839338704,4.0
2019-03-29 04:00:00+00:00,0.24158989207686235,4.0
2019-04-01 04:00:00+00:00,0.24163354946663876,4.0
2019-04-02 04:00:00+00:00,0.24162457478610452,4.0
2019-04-03 04:00:00+00:00,0.24161760941899157,4.0
2019-04-04 04:00:00+00:00,0.24160662271960756,4.0
2019-04-05 04:00:00+00:00,0.2416243654822335,4.0
2019-04-08 04:00:00+00:00,0.24162918540729636,4.0
2019-04-09 04:00:00+00:00,0.24160401002506268,4.0
2019-04-10 04:00:00+00:00,0.2416010367859635,4.0
2019-04-11 04:00:00+00:00,0.2416184971098266,4.0
2019-04-12 04:00:00+00:00,0.24161512545884245,4.0
2019-04-15 04:00:00+00:00,0.2416302765647744,4.0
2019-04-16 04:00:00+00:00,0.2416060225846926,4.0
2019-04-17 04:00:00+00:00,0.24161866784817604,4.0
2019-04-18 04:00:00+00:00,0.24158736387717059,4.0
2019-04-22 04:00:00+00:00,0.24162714516207892,4.0
2019-04-23 04:00:00+00:00,0.24161364950838637,4.0
2019-04-24 04:00:00+00:00,0.24160069511488702,4.0
2019-04-25 04:00:00+00:00,0.24162120031176929,4.0
2019-04-26 04:00:00+00:00,0.24160548213411648,4.0
2019-04-29 04:00:00+00:00,0.24163041884560868,4.0
2019-04-30 04:00:00+00:00,0.24159067125130812,4.0
2019-05-01 04:00:00+00:00,0.24159224776743302,4.0
2019-05-02 04:00:00+00:00,0.24159693999521875,4.0
2019-05-03 04:00:00+00:00,0.2416056670602125,4.0
2019-05-06 04:00:00+00:00,0.2416059094397544,4.0
2019-05-07 04:00:00+00:00,0.2415951888001577,4.0
2019-05-08 04:00:00+00:00,0.24159684573681617,4.0
2019-05-09 04:00:00+00:00,0.2416301315265046,4.0
2019-05-10 04:00:00+00:00,0.24257024038949182,4.0
2019-05-13 04:00:00+00:00,0.2425694594012492,4.0
2019-05-14 04:00:00+00:00,0.2425527403795187,4.0
2019-05-15 04:00:00+00:00,0.2425623297716321,4.0
2019-05-16 04:00:00+00:00,0.24252946127946126,4.0
2019-05-17 04:00:00+00:00,0.24253968253968256,4.0
2019-05-20 04:00:00+00:00,0.2425583046589109,4.0
2019-05-21 04:00:00+00:00,0.242550911039657,4.0
2019-05-22 04:00:00+00:00,0.2425320056899004,4.0
2019-05-23 04:00:00+00:00,0.24256929756206166,4.0
2019-05-24 04:00:00+00:00,0.2425546180924177,4.0
2019-05-28 04:00:00+00:00,0.24255175896313752,4.0
2019-05-29 04:00:00+00:00,0.24253016123576504,4.0
2019-05-30 04:00:00+00:00,0.2425687044307347,4.0
2019-05-31 04:00:00+00:00,0.24253155880504942,4.0
2019-06-03 04:00:00+00:00,0.2425274091171379,4.0
2019-06-04 04:00:00+00:00,0.242540636829214,4.0
2019-06-05 04:00:00+00:00,0.24257696943135754,4.0
2019-06-06 04:00:00+00:00,0.24257639563762012,4.0
2019-06-07 04:00:00+00:00,0.24254535892716275,4.0
2019-06-10 04:00:00+00:00,0.24254855125142796,4.0
2019-06-11 04:00:00+00:00,0.24254401724757454,4.0
2019-06-12 04:00:00+00:00,0.24254596014212884,4.0
2019-06-13 04:00:00+00:00,0.2425444244141128,4.0
2019-06-14 04:00:00+00:00,0.2425547369513334,4.0
2019-06-17 04:00:00+00:00,0.2425602145546444,4.0
2019-06-18 04:00:00+00:00,0.24252960443436636,4.0
2019-06-19 04:00:00+00:00,0.24253297619649264,4.0
2019-06-20 04:00:00+00:00,0.24255489822520807,4.0
2019-06-21 04:00:00+00:00,0.24252942952007245,4.0
2019-06-24 04:00:00+00:00,0.24257226306778124,4.0
2019-06-25 04:00:00+00:00,0.2425729917676535,4.0
2019-06-26 04:00:00+00:00,0.24254254254254254,4.0
2019-06-27 04:00:00+00:00,0.24256533493541604,4.0
2019-06-28 04:00:00+00:00,0.24257275666936137,4.0
2019-07-01 04:00:00+00:00,0.24257008186554205,4.0
2019-07-02 04:00:00+00:00,0.2425393380358112,4.0
2019-07-03 04:00:00+00:00,0.24255173425957632,4.0
2019-07-05 04:00:00+00:00,0.24256965186309554,4.0
2019-07-08 04:00:00+00:00,0.24257574242575744,4.0
2019-07-09 04:00:00+00:00,0.24254621347644603,4.0
2019-07-10 04:00:00+00:00,0.24253309058701963,4.0
2019-07-11 04:00:00+00:00,0.24252788104089218,4.0
2019-07-12 04:00:00+00:00,0.2425479586817511,4.0
2019-07-15 04:00:00+00:00,0.24253204034891088,4.0
2019-07-16 04:00:00+00:00,0.24254278728606357,4.0
2019-07-17 04:00:00+00:00,0.24253749692648144,4.0
2019-07-18 04:00:00+00:00,0.24253622483710982,4.0
2019-07-19 04:00:00+00:00,0.2425588627276766,4.0
2019-07-22 04:00:00+00:00,0.24254415596950102,4.0
2019-07-23 04:00:00+00:00,0.2425301666347443,4.0
2019-07-24 04:00:00+00:00,0.24253606172425363,4.0
2019-07-25 04:00:00+00:00,0.24253695295140565,4.0
2019-07-26 04:00:00+00:00,0.24256281890825068,4.0
2019-07-29 04:00:00+00:00,0.24256009156810376,4.0
2019-07-30 04:00:00+00:00,0.24255196857936584,4.0
2019-07-31 04:00:00+00:00,0.24253661284265868,4.0
2019-08-01 04:00:00+00:00,0.24257544499352302,4.0
2019-08-02 04:00:00+00:00,0.24257425742574257,4.0
2019-08-05 04:00:00+00:00,0.24257784214337436,4.0
2019-08-06 04:00:00+00:00,0.24253807106598985,4.0
2019-08-07 04:00:00+00:00,0.24256430868167203,4.0
2019-08-08 04:00:00+00:00,0.24254043159809272,4.0
2019-08-09 04:00:00+00:00,0.24349470122891684,4.0
2019-08-12 04:00:00+00:00,0.24346568236233043,4.0
2019-08-13 04:00:00+00:00,0.24346568236233043,4.0
2019-08-14 04:00:00+00:00,0.24350184956843401,4.0
2019-08-15 04:00:00+00:00,0.24348170913056408,4.0
2019-08-16 04:00:00+00:00,0.24348668280871671,4.0
2019-08-19 04:00:00+00:00,0.2434989303541716,4.0
2019-08-20 04:00:00+00:00,0.24348735501045823,4.0
2019-08-21 04:00:00+00:00,0.24346313017306248,4.0
2019-08-22 04:00:00+00:00,0.2434811258589852,4.0
2019-08-23 04:00:00+00:00,0.2434859849980261,4.0
2019-08-26 04:00:00+00:00,0.2434984745023972,4.0
2019-08-27 04:00:00+00:00,0.24348550156739812,4.0
2019-08-28 04:00:00+00:00,0.24346810684571596,4.0
2019-08-29 04:00:00+00:00,0.24348117314961007,4.0
2019-08-30 04:00:00+00:00,0.24346491438438292,4.0
2019-09-03 04:00:00+00:00,0.24346135148274187,4.0
2019-09-04 04:00:00+00:00,0.24346288063482957,4.0
2019-09-05 04:00:00+00:00,0.24348274568642161,4.0
2019-09-06 04:00:00+00:00,0.24345868892431774,4.0
2019-09-09 04:00:00+00:00,0.24349815567072886,4.0
2019-09-10 04:00:00+00:00,0.24347023534840795,4.0
2019-09-11 04:00:00+00:00,0.24348137215438972,4.0
2019-09-12 04:00:00+00:00,0.24349463209090705,4.0
2019-09-13 04:00:00+00:00,0.2434742857142857,4.0
2019-09-16 04:00:00+00:00,0.24347430650295587,4.0
2019-09-17 04:00:00+00:00,0.2434979610330766,4.0
2019-09-18 04:00:00+00:00,0.24347982223818287,4.0
2019-09-19 04:00:00+00:00,0.24348298334540186,4.0
2019-09-20 04:00:00+00:00,0.2434666789142516,4.0
2019-09-23 04:00:00+00:00,0.24346196049743965,4.0
2019-09-24 04:00:00+00:00,0.24347666299154722,4.0
2019-09-25 04:00:00+00:00,0.24349635796045785,4.0
2019-09-26 04:00:00+00:00,0.24348537905316295,4.0
2019-09-27 04:00:00+00:00,0.2434877981902934,4.0
2019-09-30 04:00:00+00:00,0.24347010760369692,4.0
2019-10-01 04:00:00+00:00,0.24346587114297163,4.0
2019-10-02 04:00:00+00:00,0.24346912678114724,4.0
2019-10-03 04:00:00+00:00,0.2435014944298524,4.0
2019-10-04 04:00:00+00:00,0.24346945068499187,4.0
2019-10-07 04:00:00+00:00,0.24345987844622566,4.0
2019-10-08 04:00:00+00:00,0.24349376114081997,4.0
2019-10-09 04:00:00+00:00,0.24349204950887549,4.0
2019-10-10 04:00:00+00:00,0.24346994654265722,4.0
2019-10-11 04:00:00+00:00,0.24346979382752634,4.0
2019-10-14 04:00:00+00:00,0.24348157883579938,4.0
2019-10-15 04:00:00+00:00,0.2434982151963284,4.0
2019-10-16 04:00:00+00:00,0.2434611938388019,4.0
2019-10-17 04:00:00+00:00,0.2434971098265896,4.0
2019-10-18 04:00:00+00:00,0.24347531830294827,4.0
2019-10-21 04:00:00+00:00,0.24348259947611328,4.0
2019-10-22 04:00:00+00:00,0.243498916486081,4.0
2019-10-23 04:00:00+00:00,0.24348219425939632,4.0
2019-10-24 04:00:00+00:00,0.24349289761064127,4.0
2019-10-25 04:00:00+00:00,0.24349095628193687,4.0
2019-10-28 04:00:00+00:00,0.2434852439269223,4.0
2019-10-29 04:00:00+00:00,0.2434954169920671,4.0
2019-10-30 04:00:00+00:00,0.24348433774562198,4.0
2019-10-31 04:00:00+00:00,0.24348769898697542,4.0
2019-11-01 04:00:00+00:00,0.24349151747322337,4.0
2019-11-04 05:00:00+00:00,0.24349514563106797,4.0
2019-11-05 05:00:00+00:00,0.24349550810873877,4.0
2019-11-06 05:00:00+00:00,0.2434691338827554,4.0
2019-11-07 05:00:00+00:00,0.24418918398026443,4.0
2019-11-08 05:00:00+00:00,0.24421465364803568,4.0
2019-11-11 05:00:00+00:00,0.24420289855072466,4.0
2019-11-12 05:00:00+00:00,0.2441975874179264,4.0
2019-11-13 05:00:00+00:00,0.24418648617990696,4.0
2019-11-14 05:00:00+00:00,0.24421261041730127,4.0
2019-11-15 05:00:00+00:00,0.24420529801324506,4.0
2019-11-18 05:00:00+00:00,0.24421564956944963,4.0
2019-11-19 05:00:00+00:00,0.2442074430132562,4.0
2019-11-20 05:00:00+00:00,0.24419620806261635,4.0
2019-11-21 05:00:00+00:00,0.24418915308576009,4.0
2019-11-22 05:00:00+00:00,0.2442126976850791,4.0
2019-11-25 05:00:00+00:00,0.24420918271577127,4.0
2019-11-26 05:00:00+00:00,0.24420144538196678,4.0
2019-11-27 05:00:00+00:00,0.24421296296296297,4.0
2019-11-29 05:00:00+00:00,0.2441908325537886,4.0
2019-12-02 05:00:00+00:00,0.24420805572380375,4.0
2019-12-03 05:00:00+00:00,0.24420890344960494,4.0
2019-12-04 05:00:00+00:00,0.24421181324978986,4.0
2019-12-05 05:00:00+00:00,0.24422019730401387,4.0
2019-12-06 05:00:00+00:00,0.24420967086550185,4.0
2019-12-09 05:00:00+00:00,0.2441930166341975,4.0
2019-12-10 05:00:00+00:00,0.24418951132300357,4.0
2019-12-11 05:00:00+00:00,0.2441924880895225,4.0
2019-12-12 05:00:00+00:00,0.24419804022692113,4.0
2019-12-13 05:00:00+00:00,0.24419407595856807,4.0
2019-12-16 05:00:00+00:00,0.2441935253340956,4.0
2019-12-17 05:00:00+00:00,0.24421382974929567,4.0
2019-12-18 05:00:00+00:00,0.24419103453206548,4.0
2019-12-19 05:00:00+00:00,0.24419684308263695,4.0
2019-12-20 05:00:00+00:00,0.24420269109647866,4.0
2019-12-23 05:00:00+00:00,0.2441901408450704,4.0
2019-12-24 05:00:00+00:00,0.24420445351250575,4.0
2019-12-26 05:00:00+00:00,0.24421372149977577,4.0
2019-12-27 05:00:00+00:00,0.2442028985507246,4.0
2019-12-30 05:00:00+00:00,0.24420279912184414,4.0
2019-12-31 05:00:00+00:00,0.24420228162778818,4.0
2020-01-02 05:00:00+00:00,0.2442150824038621,4.0
2020-01-03 05:00:00+00:00,0.24419191070167767,4.0
2020-01-06 05:00:00+00:00,0.24419613075383587,4.0
2020-01-07 05:00:00+00:00,0.24421059686986832,4.0
2020-01-08 05:00:00+00:00,0.2442033048583397,4.0
2020-01-09 05:00:00+00:00,0.24419468397765073,4.0
2020-01-10 05:00:00+00:00,0.24419166693519803,4.0
2020-01-13 05:00:00+00:00,0.24419485108531047,4.0
2020-01-14 05:00:00+00:00,0.24421133427145963,4.0
2020-01-15 05:00:00+00:00,0.24420247960429114,4.0
2020-01-16 05:00:00+00:00,0.2441948991244766,4.0
2020-01-17 05:00:00+00:00,0.24421924512910614,4.0
2020-01-21 05:00:00+00:00,0.24421139084562657,4.0
2020-01-22 05:00:00+00:00,0.2441926345609065,4.0
2020-01-23 05:00:00+00:00,0.24421263665695578,4.0
2020-01-24 05:00:00+00:00,0.2441959096478276,4.0
2020-01-27 05:00:00+00:00,0.24421427415439392,4.0
2020-01-28 05:00:00+00:00,0.2442003210677075,4.0
2020-01-29 05:00:00+00:00,0.24421902941357834,4.0
2020-01-30 05:00:00+00:00,0.24420292092506254,4.0
2020-01-31 05:00:00+00:00,0.2441924332008659,4.0
2020-02-03 05:00:00+00:00,0.2442169377308365,4.0
2020-02-04 05:00:00+00:00,0.24419005802101298,4.0
2020-02-05 05:00:00+00:00,0.2442059418261005,4.0
2020-02-06 05:00:00+00:00,0.2442114326127733,4.0
2020-02-07 05:00:00+00:00,0.2447895509795957,4.0
2020-02-10 05:00:00+00:00,0.24478308194682005,4.0
2020-02-11 05:00:00+00:00,0.24479834798660866,4.0
2020-02-12 05:00:00+00:00,0.2448044009779951,4.0
2020-02-13 05:00:00+00:00,0.2448056145535137,4.0
2020-02-14 05:00:00+00:00,0.2448068933682105,4.0
2020-02-18 05:00:00+00:00,0.24479623824451413,4.0
2020-02-19 05:00:00+00:00,0.24479327606452012,4.0
2020-02-20 05:00:00+00:00,0.24480174836091162,4.0
2020-02-21 05:00:00+00:00,0.2447851780865676,4.0
2020-02-24 05:00:00+00:00,0.24478502917700715,4.0
2020-02-25 05:00:00+00:00,0.24479311302415996,4.0
2020-02-26 05:00:00+00:00,0.24479753972321888,4.0
2020-02-27 05:00:00+00:00,0.24480842351564785,4.0
2020-02-28 05:00:00+00:00,0.24480538484050335,4.0
2020-03-02 05:00:00+00:00,0.24480439074997493,4.0
2020-03-03 05:00:00+00:00,0.2448040944772971,4.0
2020-03-04 05:00:00+00:00,0.2447975160203475,4.0
2020-03-05 05:00:00+00:00,0.2447767308480131,4.0
2020-03-06 05:00:00+00:00,0.24478283440041532,4.0
2020-03-09 04:00:00+00:00,0.24480595108389372,4.0
2020-03-10 04:00:00+00:00,0.24479568234387047,4.0
2020-03-11 04:00:00+00:00,0.24478088806593326,4.0
2020-03-12 04:00:00+00:00,0.24477299278894574,4.0
2020-03-13 04:00:00+00:00,0.2447746159657517,4.0
2020-03-16 04:00:00+00:00,0.24478758102473058,4.0
2020-03-17 04:00:00+00:00,0.24478486323872858,4.0
2020-03-18 04:00:00+00:00,0.24478047593951435,4.0
2020-03-19 04:00:00+00:00,0.24479124111447015,4.0
2020-03-20 04:00:00+00:00,0.2448089338684348,4.0
2020-03-23 04:00:00+00:00,0.24477425680795115,4.0
2020-03-24 04:00:00+00:00,0.24480940794809408,4.0
2020-03-25 04:00:00+00:00,0.2447865754317367,4.0
2020-03-26 04:00:00+00:00,0.2447960999767856,4.0
2020-03-27 04:00:00+00:00,0.2447727456204085,4.0
2020-03-30 04:00:00+00:00,0.2448098583258114,4.0
2020-03-31 04:00:00+00:00,0.24479924495654568,4.0
2020-04-01 04:00:00+00:00,0.24478020837657216,4.0
2020-04-02 04:00:00+00:00,0.24480463805985384,4.0
2020-04-03 04:00:00+00:00,0.24481173107990556,4.0
2020-04-06 04:00:00+00:00,0.24478988074827596,4.0
2020-04-07 04:00:00+00:00,0.244805920672243,4.0
2020-04-08 04:00:00+00:00,0.24478520690043973,4.0
2020-04-09 04:00:00+00:00,0.24478525318108882,4.0
2020-04-13 04:00:00+00:00,0.24479414455626716,4.0
2020-04-14 04:00:00+00:00,0.24480055739418216,4.0
2020-04-15 04:00:00+00:00,0.24480540027423264,4.0
2020-04-16 04:00:00+00:00,0.2447940283930378,4.0
2020-04-17 04:00:00+00:00,0.2448019801980198,4.0
2020-04-20 04:00:00+00:00,0.24479110244466112,4.0
2020-04-21 04:00:00+00:00,0.24477400603644223,4.0
2020-04-22 04:00:00+00:00,0.2447780678851175,4.0
2020-04-23 04:00:00+00:00,0.2448096571283133,4.0
2020-04-24 04:00:00+00:00,0.24479626815563482,4.0
2020-04-27 04:00:00+00:00,0.2447999434968393,4.0
2020-04-28 04:00:00+00:00,0.24477708378203747,4.0
2020-04-29 04:00:00+00:00,0.24477809057102146,4.0
2020-04-30 04:00:00+00:00,0.24480437082623174,4.0
2020-05-01 04:00:00+00:00,0.2447850001729685,4.0
2020-05-04 04:00:00+00:00,0.2447810069586574,4.0
2020-05-05 04:00:00+00:00,0.2447909665277591,4.0
2020-05-06 04:00:00+00:00,0.24478594950603733,4.0
2020-05-07 04:00:00+00:00,0.24478172120892866,4.0
2020-05-08 04:00:00+00:00,0.24544545835617324,4.0
2020-05-11 04:00:00+00:00,0.2454525253166566,4.0
2020-05-12 04:00:00+00:00,0.24543206704986995,4.0
2020-05-13 04:00:00+00:00,0.24544124817162363,4.0
2020-05-14 04:00:00+00:00,0.24542870065258124,4.0
2020-05-15 04:00:00+00:00,0.2454410431244333,4.0
2020-05-18 04:00:00+00:00,0.24542799085598171,4.0
2020-05-19 04:00:00+00:00,0.2454493197930638,4.0
2020-05-20 04:00:00+00:00,0.2454343263477743,4.0
2020-05-21 04:00:00+00:00,0.24544737257377305,4.0
2020-05-22 04:00:00+00:00,0.24544513782181943,4.0
2020-05-26 04:00:00+00:00,0.24544564771256272,4.0
2020-05-27 04:00:00+00:00,0.24544968721511426,4.0
2020-05-28 04:00:00+00:00,0.24543597800471328,4.0
2020-05-29 04:00:00+00:00,0.24542366484242312,4.0
2020-06-01 04:00:00+00:00,0.24542488736989276,4.0
2020-06-02 04:00:00+00:00,0.2454382383868374,4.0
2020-06-03 04:00:00+00:00,0.24544783464566927,4.0
2020-06-04 04:00:00+00:00,0.24543931496649293,4.0
2020-06-05 04:00:00+00:00,0.24542986425339366,4.0
2020-06-08 04:00:00+00:00,0.24542838299658257,4.0
2020-06-09 04:00:00+00:00,0.24544318148783395,4.0
2020-06-10 04:00:00+00:00,0.24543702528058042,4.0
2020-06-11 04:00:00+00:00,0.2454305451796381,4.0
2020-06-12 04:00:00+00:00,0.24542502951593861,4.0
2020-06-15 04:00:00+00:00,0.24542989591533282,4.0
2020-06-16 04:00:00+00:00,0.24542717564189956,4.0
2020-06-17 04:00:00+00:00,0.24542791319434573,4.0
2020-06-18 04:00:00+00:00,0.24544394848321155,4.0
2020-06-19 04:00:00+00:00,0.24545350566167218,4.0
2020-06-22 04:00:00+00:00,0.2454370663471452,4.0
2020-06-23 04:00:00+00:00,0.2454369355850817,4.0
2020-06-24 04:00:00+00:00,0.24543131700272178,4.0
2020-06-25 04:00:00+00:00,0.24545006030040567,4.0
2020-06-26 04:00:00+00:00,0.24542601023668809,4.0
2020-06-29 04:00:00+00:00,0.24545303775775335,4.0
2020-06-30 04:00:00+00:00,0.2454495614035088,4.0
2020-07-01 04:00:00+00:00,0.24544780423498394,4.0
2020-07-02 04:00:00+00:00,0.24544780423498394,4.0
2020-07-06 04:00:00+00:00,0.24544603450581784,4.0
2020-07-07 04:00:00+00:00,0.24543186025919664,4.0
2020-07-08 04:00:00+00:00,0.2454309463250911,4.0
2020-07-09 04:00:00+00:00,0.24544718208658844,4.0
2020-07-10 04:00:00+00:00,0.24543890742285238,4.0
2020-07-13 04:00:00+00:00,0.2454504988086198,4.0
2020-07-14 04:00:00+00:00,0.24544728640239033,4.0
2020-07-15 04:00:00+00:00,0.2454336147352264,4.0
2020-07-16 04:00:00+00:00,0.24543500220155925,4.0
2020-07-17 04:00:00+00:00,0.24543873763982246,4.0
2020-07-20 04:00:00+00:00,0.24543120758457668,4.0
2020-07-21 04:00:00+00:00,0.2454381443298969,4.0
2020-07-22 04:00:00+00:00,0.24544449870209978,4.0
2020-07-23 04:00:00+00:00,0.24543594162313534,4.0
2020-07-24 04:00:00+00:00,0.2454516007126276,4.0
2020-07-27 04:00:00+00:00,0.24543824491087438,4.0
2020-07-28 04:00:00+00:00,0.24543577920162998,4.0
2020-07-29 04:00:00+00:00,0.2454492845117845,4.0
2020-07-30 04:00:00+00:00,0.24545171015698097,4.0
2020-07-31 04:00:00+00:00,0.24543572369659322,4.0
2020-08-03 04:00:00+00:00,0.24543889845094666,4.0
2020-08-04 04:00:00+00:00,0.24542926184288513,4.0
2020-08-05 04:00:00+00:00,0.24542873367404883,4.0
2020-08-06 04:00:00+00:00,0.24542920480235286,4.0
2020-08-07 04:00:00+00:00,0.24589942625717182,4.0
2020-08-10 04:00:00+00:00,0.24590273003481847,4.0
2020-08-11 04:00:00+00:00,0.24589714285714284,4.0
2020-08-12 04:00:00+00:00,0.24588531988319617,4.0
2020-08-13 04:00:00+00:00,0.24589166159464396,4.0
2020-08-14 04:00:00+00:00,0.2458934360246285,4.0
2020-08-17 04:00:00+00:00,0.24588268656065265,4.0
2020-08-18 04:00:00+00:00,0.2458842617631152,4.0
2020-08-19 04:00:00+00:00,0.24590022254391464,4.0
2020-08-20 04:00:00+00:00,0.24588881843162122,4.0
2020-08-21 04:00:00+00:00,0.2458993326364879,4.0
2020-08-24 04:00:00+00:00,0.24589317283435633,4.0
2020-08-25 04:00:00+00:00,0.24588423793310635,4.0
2020-08-26 04:00:00+00:00,0.24588511924756468,4.0
2020-08-27 04:00:00+00:00,0.24590032797376207,4.0
2020-08-28 04:00:00+00:00,0.2458986839733189,4.0
2020-08-31 04:00:00+00:00,0.9835709857408557,1.0
2020-09-01 04:00:00+00:00,0.9836041138768816,1.0
2020-09-02 04:00:00+00:00,0.9835616438356165,1.0
2020-09-03 04:00:00+00:00,0.9835373924553277,1.0
2020-09-04 04:00:00+00:00,0.9835482804232805,1.0
2020-09-08 04:00:00+00:00,0.98360219819181,1.0
2020-09-09 04:00:00+00:00,0.9835492669621548,1.0
2020-09-10 04:00:00+00:00,0.9836007758772704,1.0
2020-09-11 04:00:00+00:00,0.9835714285714285,1.0
2020-09-14 04:00:00+00:00,0.9835724502622338,1.0
2020-09-15 04:00:00+00:00,0.9835554786221221,1.0
2020-09-16 04:00:00+00:00,0.9835963270036552,1.0
2020-09-17 04:00:00+00:00,0.9835961573318832,1.0
2020-09-18 04:00:00+00:00,0.9835267690003744,1.0
2020-09-21 04:00:00+00:00,0.9835574127906976,1.0
2020-09-22 04:00:00+00:00,0.983543511313836,1.0
2020-09-23 04:00:00+00:00,0.9835698282300224,1.0
2020-09-24 04:00:00+00:00,0.9835520236555165,1.0
2020-09-25 04:00:00+00:00,0.9835248018523465,1.0
2020-09-28 04:00:00+00:00,0.9835594989561587,1.0
2020-09-29 04:00:00+00:00,0.9836094311508458,1.0
2020-09-30 04:00:00+00:00,0.9835938174596321,1.0
2020-10-01 04:00:00+00:00,0.9835686777920412,1.0
2020-10-02 04:00:00+00:00,0.9835427357989737,1.0
2020-10-05 04:00:00+00:00,0.9836051502145923,1.0
2020-10-06 04:00:00+00:00,0.9835630965005302,1.0
2020-10-07 04:00:00+00:00,0.9835766423357665,1.0
2020-10-08 04:00:00+00:00,0.9835609289379839,1.0
2020-10-09 04:00:00+00:00,0.9835855347525007,1.0
2020-10-12 04:00:00+00:00,0.9836039221990033,1.0
2020-10-13 04:00:00+00:00,0.9835672997522709,1.0
2020-10-14 04:00:00+00:00,0.9835795032593448,1.0
2020-10-15 04:00:00+00:00,0.9835970507828681,1.0
2020-10-16 04:00:00+00:00,0.9835321794656361,1.0
2020-10-19 04:00:00+00:00,0.9835316433867908,1.0
2020-10-20 04:00:00+00:00,0.9835758658837546,1.0
2020-10-21 04:00:00+00:00,0.9835714896893984,1.0
2020-10-22 04:00:00+00:00,0.9835853131749459,1.0
2020-10-23 04:00:00+00:00,0.9835709318497914,1.0
2020-10-26 04:00:00+00:00,0.9835723598435463,1.0
2020-10-27 04:00:00+00:00,0.9835334476843912,1.0
2020-10-28 04:00:00+00:00,0.9835431654676259,1.0
2020-10-29 04:00:00+00:00,0.9836108220603539,1.0
2020-10-30 04:00:00+00:00,0.9835568620246187,1.0
2020-11-02 05:00:00+00:00,0.9835432564126139,1.0
2020-11-03 05:00:00+00:00,0.9836110105034408,1.0
2020-11-04 05:00:00+00:00,0.9835580687255329,1.0
2020-11-05 05:00:00+00:00,0.9835335629673191,1.0
2020-11-06 05:00:00+00:00,0.9852557081472744,1.0
2020-11-09 05:00:00+00:00,0.985299174690509,1.0
2020-11-10 05:00:00+00:00,0.9852586206896552,1.0
2020-11-11 05:00:00+00:00,0.9852707339526321,1.0
2020-11-12 05:00:00+00:00,0.9852361379078937,1.0
2020-11-13 05:00:00+00:00,0.9852423276874056,1.0
2020-11-16 05:00:00+00:00,0.985286783042394,1.0
2020-11-17 05:00:00+00:00,0.9852583968506574,1.0
2020-11-18 05:00:00+00:00,0.9852579852579852,1.0
2020-11-19 05:00:00+00:00,0.9852494942683749,1.0
2020-11-20 05:00:00+00:00,0.9852565195159365,1.0
2020-11-23 05:00:00+00:00,0.9852437417654809,1.0
2020-11-24 05:00:00+00:00,0.9852392116002431,1.0
2020-11-25 05:00:00+00:00,0.9852624321296216,1.0
2020-11-27 05:00:00+00:00,0.9852474483231838,1.0
2020-11-30 05:00:00+00:00,0.9853002939941201,1.0
2020-12-01 05:00:00+00:00,0.9852509778357236,1.0
2020-12-02 05:00:00+00:00,0.9852941176470588,1.0
2020-12-03 05:00:00+00:00,0.9852773710753213,1.0
2020-12-04 05:00:00+00:00,0.9852760736196319,1.0
2020-12-07 05:00:00+00:00,0.9852929292929293,1.0
2020-12-08 05:00:00+00:00,0.9852870236372407,1.0
2020-12-09 05:00:00+00:00,0.9852892833662064,1.0
2020-12-10 05:00:00+00:00,0.9852320675105486,1.0
2020-12-11 05:00:00+00:00,0.9852953190098849,1.0
2020-12-14 05:00:00+00:00,0.9853013631138118,1.0
2020-12-15 05:00:00+00:00,0.985298717547701,1.0
2020-12-16 05:00:00+00:00,0.9852906658320946,1.0
2020-12-17 05:00:00+00:00,0.9852369852369853,1.0
2020-12-18 05:00:00+00:00,0.9852749595357467,1.0
2020-12-21 05:00:00+00:00,0.9852608593932778,1.0
2020-12-22 05:00:00+00:00,0.9852896572641796,1.0
2020-12-23 05:00:00+00:00,0.9852626756261453,1.0
2020-12-24 05:00:00+00:00,0.9852996893233311,1.0
2020-12-28 05:00:00+00:00,0.9852951935035482,1.0
2020-12-29 05:00:00+00:00,0.9852450507896492,1.0
2020-12-30 05:00:00+00:00,0.9852677236015555,1.0
2020-12-31 05:00:00+00:00,0.9853040922450826,1.0
2021-01-04 05:00:00+00:00,0.985240707827834,1.0
2021-01-05 05:00:00+00:00,0.9852683001297613,1.0
2021-01-06 05:00:00+00:00,0.9852360650560557,1.0
2021-01-07 05:00:00+00:00,0.9852581729300338,1.0
2021-01-08 05:00:00+00:00,0.985232866338508,1.0
2021-01-11 05:00:00+00:00,0.9852690339587533,1.0
2021-01-12 05:00:00+00:00,0.9852484472049688,1.0
2021-01-13 05:00:00+00:00,0.9852547941019179,1.0
2021-01-14 05:00:00+00:00,0.985261034830502,1.0
2021-01-15 05:00:00+00:00,0.9852918043102091,1.0
2021-01-19 05:00:00+00:00,0.9852929672220919,1.0
2021-01-20 05:00:00+00:00,0.9852306294024086,1.0
2021-01-21 05:00:00+00:00,0.9852414700080367,1.0
2021-01-22 05:00:00+00:00,0.9852592219745453,1.0
2021-01-25 05:00:00+00:00,0.9852364959417858,1.0
2021-01-26 05:00:00+00:00,0.9852612461581448,1.0
2021-01-27 05:00:00+00:00,0.9852879065183725,1.0
2021-01-28 05:00:00+00:00,0.9852651542782114,1.0
2021-01-29 05:00:00+00:00,0.9852985753258563,1.0
2021-02-01 05:00:00+00:00,0.9852348993288591,1.0
2021-02-02 05:00:00+00:00,0.9852581672716497,1.0
2021-02-03 05:00:00+00:00,0.9852919217560102,1.0
2021-02-04 05:00:00+00:00,0.9852973287721087,1.0
2021-02-05 05:00:00+00:00,0.9867651360046797,1.0
2021-02-08 05:00:00+00:00,0.9867796362573954,1.0
2021-02-09 05:00:00+00:00,0.9867656789941918,1.0
2021-02-10 05:00:00+00:00,0.9867789349287245,1.0
2021-02-11 05:00:00+00:00,0.9867534966328722,1.0
2021-02-12 05:00:00+00:00,0.9867769816059689,1.0
2021-02-16 05:00:00+00:00,0.9867107140175688,1.0
2021-02-17 05:00:00+00:00,0.9867777438092328,1.0
2021-02-18 05:00:00+00:00,0.9867396499884357,1.0
2021-02-19 05:00:00+00:00,0.9867559867559867,1.0
2021-02-22 05:00:00+00:00,0.9867460317460317,1.0
2021-02-23 05:00:00+00:00,0.9867312887335135,1.0
2021-02-24 05:00:00+00:00,0.9867570801755086,1.0
2021-02-25 05:00:00+00:00,0.9867768595041323,1.0
2021-02-26 05:00:00+00:00,0.9867227445159162,1.0
2021-03-01 05:00:00+00:00,0.9867751780264495,1.0
2021-03-02 05:00:00+00:00,0.98673273657289,1.0
2021-03-03 05:00:00+00:00,0.9867278387678191,1.0
2021-03-04 05:00:00+00:00,0.9867643386331475,1.0
2021-03-05 05:00:00+00:00,0.9867402404875638,1.0
2021-03-08 05:00:00+00:00,0.9867652114128566,1.0
2021-03-09 05:00:00+00:00,0.9867448486600323,1.0
2021-03-10 05:00:00+00:00,0.9867477912985497,1.0
2021-03-11 05:00:00+00:00,0.9867169563791408,1.0
2021-03-12 05:00:00+00:00,0.9867823213548121,1.0
2021-03-15 04:00:00+00:00,0.9867731268650698,1.0
2021-03-16 04:00:00+00:00,0.9867802819144701,1.0
2021-03-17 04:00:00+00:00,0.9867746072459121,1.0
2021-03-18 04:00:00+00:00,0.986725296606654,1.0
2021-03-19 04:00:00+00:00,0.9867488957413119,1.0
2021-03-22 04:00:00+00:00,0.9867088094659211,1.0
2021-03-23 04:00:00+00:00,0.9867798269952668,1.0
2021-03-24 04:00:00+00:00,0.9867599300524607,1.0
2021-03-25 04:00:00+00:00,0.9867319014843684,1.0
2021-03-26 04:00:00+00:00,0.9867172675521821,1.0
2021-03-29 04:00:00+00:00,0.9867369635060549,1.0
2021-03-30 04:00:00+00:00,0.9867389491242702,1.0
2021-03-31 04:00:00+00:00,0.9867376176831764,1.0
2021-04-01 04:00:00+00:00,0.9867479674796749,1.0
2021-04-05 04:00:00+00:00,0.9867355043685464,1.0
2021-04-06 04:00:00+00:00,0.9867680849378022,1.0
2021-04-07 04:00:00+00:00,0.9867083659108679,1.0
2021-04-08 04:00:00+00:00,0.9867290579932493,1.0
2021-04-09 04:00:00+00:00,0.9867288243918944,1.0
2021-04-12 04:00:00+00:00,0.9867549668874172,1.0
2021-04-13 04:00:00+00:00,0.9867368637213864,1.0
2021-04-14 04:00:00+00:00,0.9867454366431871,1.0
2021-04-15 04:00:00+00:00,0.9867657992565055,1.0
2021-04-16 04:00:00+00:00,0.9867601536568082,1.0
2021-04-19 04:00:00+00:00,0.9867289442467378,1.0
2021-04-20 04:00:00+00:00,0.9867788461538463,1.0
2021-04-21 04:00:00+00:00,0.9867405798187129,1.0
2021-04-22 04:00:00+00:00,0.9867363953312112,1.0
2021-04-23 04:00:00+00:00,0.9867480643240024,1.0
2021-04-26 04:00:00+00:00,0.9867131828978623,1.0
2021-04-27 04:00:00+00:00,0.9867549668874174,1.0
2021-04-28 04:00:00+00:00,0.9867495134002096,1.0
2021-04-29 04:00:00+00:00,0.9867395864548998,1.0
2021-04-30 04:00:00+00:00,0.9867640346873573,1.0
2021-05-03 04:00:00+00:00,0.9867209898898447,1.0
2021-05-04 04:00:00+00:00,0.9867813844348846,1.0
2021-05-05 04:00:00+00:00,0.986729117876659,1.0
2021-05-06 04:00:00+00:00,0.986740672217083,1.0
2021-05-07 04:00:00+00:00,0.9884033484371398,1.0
2021-05-10 04:00:00+00:00,0.9884115096570752,1.0
2021-05-11 04:00:00+00:00,0.9884044158525932,1.0
2021-05-12 04:00:00+00:00,0.9884383650871195,1.0
2021-05-13 04:00:00+00:00,0.9883944293260765,1.0
2021-05-14 04:00:00+00:00,0.9883876029815614,1.0
2021-05-17 04:00:00+00:00,0.9884374752514453,1.0
2021-05-18 04:00:00+00:00,0.9883860632759313,1.0
2021-05-19 04:00:00+00:00,0.9883711604779853,1.0
2021-05-20 04:00:00+00:00,0.9883748330845966,1.0
2021-05-21 04:00:00+00:00,0.9884397672008292,1.0
2021-05-24 04:00:00+00:00,0.9884343036978757,1.0
2021-05-25 04:00:00+00:00,0.9884160756501182,1.0
2021-05-26 04:00:00+00:00,0.9884115096570752,1.0
2021-05-27 04:00:00+00:00,0.9884259259259259,1.0
2021-05-28 04:00:00+00:00,0.9884439451087392,1.0
2021-06-01 04:00:00+00:00,0.9884132603797876,1.0
2021-06-02 04:00:00+00:00,0.9884055653286422,1.0
2021-06-03 04:00:00+00:00,0.9884248016836652,1.0
2021-06-04 04:00:00+00:00,0.9884025736754309,1.0
2021-06-07 04:00:00+00:00,0.9884034948371723,1.0
2021-06-08 04:00:00+00:00,0.9884014517910683,1.0
2021-06-09 04:00:00+00:00,0.988437032958389,1.0
2021-06-10 04:00:00+00:00,0.988422805487273,1.0
2021-06-11 04:00:00+00:00,0.9883784844915587,1.0
2021-06-14 04:00:00+00:00,0.9884273451870019,1.0
2021-06-15 04:00:00+00:00,0.9884294970688059,1.0
2021-06-16 04:00:00+00:00,0.9883980023050325,1.0
2021-06-17 04:00:00+00:00,0.9883906214432051,1.0
2021-06-18 04:00:00+00:00,0.9884255710562623,1.0
2021-06-21 04:00:00+00:00,0.9884353741496599,1.0
2021-06-22 04:00:00+00:00,0.9884311091207644,1.0
2021-06-23 04:00:00+00:00,0.9884068810770382,1.0
2021-06-24 04:00:00+00:00,0.9883816805336932,1.0
2021-06-25 04:00:00+00:00,0.9884306212906617,1.0
2021-06-28 04:00:00+00:00,0.9884255824306277,1.0
2021-06-29 04:00:00+00:00,0.9884104745837305,1.0
2021-06-30 04:00:00+00:00,0.9883907710280374,1.0
2021-07-01 04:00:00+00:00,0.9884169884169884,1.0
2021-07-02 04:00:00+00:00,0.988425264361246,1.0
2021-07-06 04:00:00+00:00,0.9883819180397126,1.0
2021-07-07 04:00:00+00:00,0.9883793318115791,1.0
2021-07-08 04:00:00+00:00,0.9884110583635857,1.0
2021-07-09 04:00:00+00:00,0.9884225759768451,1.0
2021-07-12 04:00:00+00:00,0.9884429065743946,1.0
2021-07-13 04:00:00+00:00,0.9883960450425707,1.0
2021-07-14 04:00:00+00:00,0.9884009386523632,1.0
2021-07-15 04:00:00+00:00,0.9884159482758621,1.0
2021-07-16 04:00:00+00:00,0.9883871849170026,1.0
2021-07-19 04:00:00+00:00,0.9884169884169886,1.0
2021-07-20 04:00:00+00:00,0.9884365378036264,1.0
2021-07-21 04:00:00+00:00,0.9883768913342503,1.0
2021-07-22 04:00:00+00:00,0.9884196185286103,1.0
2021-07-23 04:00:00+00:00,0.9884221863220248,1.0
2021-07-26 04:00:00+00:00,0.9883884824484863,1.0
2021-07-27 04:00:00+00:00,0.9884172514819104,1.0
2021-07-28 04:00:00+00:00,0.9884121947854878,1.0
2021-07-29 04:00:00+00:00,0.9883960450425707,1.0
2021-07-30 04:00:00+00:00,0.9884135472370764,1.0
2021-08-02 04:00:00+00:00,0.9883864760857615,1.0
2021-08-03 04:00:00+00:00,0.9883957654723127,1.0
2021-08-04 04:00:00+00:00,0.9884314392650562,1.0
2021-08-05 04:00:00+00:00,0.9884400924792602,1.0
2021-08-06 04:00:00+00:00,0.9898727247844533,1.0
2021-08-09 04:00:00+00:00,0.9898692586761586,1.0
2021-08-10 04:00:00+00:00,0.9899038461538462,1.0
2021-08-11 04:00:00+00:00,0.9899218428630191,1.0
2021-08-12 04:00:00+00:00,0.9899254483175499,1.0
2021-08-13 04:00:00+00:00,0.9898725687458082,1.0
2021-08-16 04:00:00+00:00,0.9898755955532027,1.0
2021-08-17 04:00:00+00:00,0.9898794859844197,1.0
2021-08-18 04:00:00+00:00,0.9898879475266465,1.0
2021-08-19 04:00:00+00:00,0.9899113837764145,1.0
2021-08-20 04:00:00+00:00,0.9898778595046899,1.0
2021-08-23 04:00:00+00:00,0.9899138334112616,1.0
2021-08-24 04:00:00+00:00,0.9899077663413983,1.0
2021-08-25 04:00:00+00:00,0.9898894580749528,1.0
2021-08-26 04:00:00+00:00,0.9899010437847364,1.0
2021-08-27 04:00:00+00:00,0.9899057873485868,1.0
2021-08-30 04:00:00+00:00,0.9898772204806687,1.0
2021-08-31 04:00:00+00:00,0.989922940130409,1.0
2021-09-01 04:00:00+00:00,0.9899023014884271,1.0
2021-09-02 04:00:00+00:00,0.9899121379759193,1.0
2021-09-03 04:00:00+00:00,0.9898898250162022,1.0
2021-09-07 04:00:00+00:00,0.9899163954304679,1.0
2021-09-08 04:00:00+00:00,0.9898781509896202,1.0
2021-09-09 04:00:00+00:00,0.989874732264555,1.0
2021-09-10 04:00:00+00:00,0.9899308585621266,1.0
2021-09-13 04:00:00+00:00,0.9899030424607154,1.0
2021-09-14 04:00:00+00:00,0.9898730758844181,1.0
2021-09-15 04:00:00+00:00,0.9898678118499632,1.0
2021-09-16 04:00:00+00:00,0.9899186773304658,1.0
2021-09-17 04:00:00+00:00,0.9898671778721074,1.0
2021-09-20 04:00:00+00:00,0.9899258430110536,1.0
2021-09-21 04:00:00+00:00,0.989890538938855,1.0
2021-09-22 04:00:00+00:00,0.9899211518683579,1.0
2021-09-23 04:00:00+00:00,0.9899203160117142,1.0
2021-09-24 04:00:00+00:00,0.9899264906071332,1.0
2021-09-27 04:00:00+00:00,0.9898878723257893,1.0
2021-09-28 04:00:00+00:00,0.9899231907547036,1.0
2021-09-29 04:00:00+00:00,0.9899180844360427,1.0
2021-09-30 04:00:00+00:00,0.9898939929328622,1.0
2021-10-01 04:00:00+00:00,0.9899053627760253,1.0
2021-10-04 04:00:00+00:00,0.9898663216903838,1.0
2021-10-05 04:00:00+00:00,0.9898660619374955,1.0
2021-10-06 04:00:00+00:00,0.9899295774647887,1.0
2021-10-07 04:00:00+00:00,0.9898806615953661,1.0
2021-10-08 04:00:00+00:00,0.9899230230930721,1.0
2021-10-11 04:00:00+00:00,0.9899166725019256,1.0
2021-10-12 04:00:00+00:00,0.9898947070878384,1.0
2021-10-13 04:00:00+00:00,0.9899226456603507,1.0
2021-10-14 04:00:00+00:00,0.9899137451307736,1.0
2021-10-15 04:00:00+00:00,0.9899199116266224,1.0
2021-10-18 04:00:00+00:00,0.9899010576595018,1.0
2021-10-19 04:00:00+00:00,0.9899166442592094,1.0
2021-10-20 04:00:00+00:00,0.9898834248961544,1.0
2021-10-21 04:00:00+00:00,0.9898983141557399,1.0
2021-10-22 04:00:00+00:00,0.9899118972358598,1.0
2021-10-25 04:00:00+00:00,0.989908503767492,1.0
2021-10-26 04:00:00+00:00,0.9898874899544603,1.0
2021-10-27 04:00:00+00:00,0.9899227410144441,1.0
2021-10-28 04:00:00+00:00,0.9899062725306417,1.0
2021-10-29 04:00:00+00:00,0.9899198931909211,1.0
2021-11-01 04:00:00+00:00,0.9899301825993555,1.0
2021-11-02 04:00:00+00:00,0.9898680175976535,1.0
2021-11-03 04:00:00+00:00,0.9899003234536933,1.0
2021-11-04 04:00:00+00:00,0.9899311075781664,1.0
2021-11-05 04:00:00+00:00,0.9913405605499735,1.0
2021-11-08 05:00:00+00:00,0.9913586812018079,1.0
2021-11-09 05:00:00+00:00,0.9913135733704661,1.0
2021-11-10 05:00:00+00:00,0.9913466738777718,1.0
2021-11-11 05:00:00+00:00,0.9913437478866572,1.0
2021-11-12 05:00:00+00:00,0.9913327555170344,1.0
2021-11-15 05:00:00+00:00,0.9913333333333333,1.0
2021-11-16 05:00:00+00:00,0.9913245033112582,1.0
2021-11-17 05:00:00+00:00,0.9913349403869958,1.0
2021-11-18 05:00:00+00:00,0.9913219737758915,1.0
2021-11-19 05:00:00+00:00,0.9913422609778885,1.0
2021-11-22 05:00:00+00:00,0.9913675319836044,1.0
2021-11-23 05:00:00+00:00,0.9913264357846477,1.0
2021-11-24 05:00:00+00:00,0.9913548227738669,1.0
2021-11-26 05:00:00+00:00,0.9913270837319048,1.0
2021-11-29 05:00:00+00:00,0.9913255117324014,1.0
2021-11-30 05:00:00+00:00,0.9913490623109498,1.0
2021-12-01 05:00:00+00:00,0.9913212356618316,1.0
2021-12-02 05:00:00+00:00,0.9913287738153396,1.0
2021-12-03 05:00:00+00:00,0.9913494809688581,1.0
2021-12-06 05:00:00+00:00,0.9913501088797483,1.0
2021-12-07 05:00:00+00:00,0.9913541301553919,1.0
2021-12-08 05:00:00+00:00,0.9913182545122229,1.0
2021-12-09 05:00:00+00:00,0.9913496791934006,1.0
2021-12-10 05:00:00+00:00,0.9913624965171358,1.0
2021-12-13 05:00:00+00:00,0.9913508592238534,1.0
2021-12-14 05:00:00+00:00,0.9913382665060516,1.0
2021-12-15 05:00:00+00:00,0.9913552704963747,1.0
2021-12-16 05:00:00+00:00,0.9913502844537329,1.0
2021-12-17 05:00:00+00:00,0.99135210938413,1.0
2021-12-20 05:00:00+00:00,0.9913402061855671,1.0
2021-12-21 05:00:00+00:00,0.9913289785536736,1.0
2021-12-22 05:00:00+00:00,0.991345934866773,1.0
2021-12-23 05:00:00+00:00,0.9913206262763785,1.0
2021-12-27 05:00:00+00:00,0.9913491931458992,1.0
2021-12-28 05:00:00+00:00,0.9913547883317532,1.0
2021-12-29 05:00:00+00:00,0.9913591258780244,1.0
2021-12-30 05:00:00+00:00,0.991358024691358,1.0
2021-12-31 05:00:00+00:00,0.9913273638565073,1.0
2022-01-03 05:00:00+00:00,0.9913191582880062,1.0
2022-01-04 05:00:00+00:00,0.9913188647746244,1.0
2022-01-05 05:00:00+00:00,0.991334686990591,1.0
2022-01-06 05:00:00+00:00,0.9913372093023255,1.0
2022-01-07 05:00:00+00:00,0.9913457629087531,1.0
2022-01-10 05:00:00+00:00,0.9913467681050002,1.0
2022-01-11 05:00:00+00:00,0.9913182545122229,1.0
2022-01-12 05:00:00+00:00,0.9913405115934597,1.0
2022-01-13 05:00:00+00:00,0.9913467681050002,1.0
2022-01-14 05:00:00+00:00,0.9913329866527995,1.0
2022-01-18 05:00:00+00:00,0.9913427561837456,1.0
2022-01-19 05:00:00+00:00,0.9913373037357878,1.0
2022-01-20 05:00:00+00:00,0.9913683058780622,1.0
2022-01-21 05:00:00+00:00,0.991318268579521,1.0
2022-01-24 05:00:00+00:00,0.9913377057294889,1.0
2022-01-25 05:00:00+00:00,0.9913631242959069,1.0
2022-01-26 05:00:00+00:00,0.9913582566222056,1.0
2022-01-27 05:00:00+00:00,0.9913327471423188,1.0
2022-01-28 05:00:00+00:00,0.9913109845593846,1.0
2022-01-31 05:00:00+00:00,0.9913605675706603,1.0
2022-02-01 05:00:00+00:00,0.9913521562338926,1.0
2022-02-02 05:00:00+00:00,0.9913557779799818,1.0
2022-02-03 05:00:00+00:00,0.9913244650086755,1.0
2022-02-04 05:00:00+00:00,0.992574975346598,1.0
2022-02-07 05:00:00+00:00,0.9926016544331818,1.0
2022-02-08 05:00:00+00:00,0.9926214036492592,1.0
2022-02-09 05:00:00+00:00,0.9926253687315634,1.0
2022-02-10 05:00:00+00:00,0.992621426911457,1.0
2022-02-11 05:00:00+00:00,0.9925877609108159,1.0
2022-02-14 05:00:00+00:00,0.9925982946470867,1.0
2022-02-15 05:00:00+00:00,0.9925921638983738,1.0
2022-02-16 05:00:00+00:00,0.992581860330339,1.0
2022-02-17 05:00:00+00:00,0.9925982946470867,1.0
2022-02-18 05:00:00+00:00,0.9925881649731022,1.0
2022-02-22 05:00:00+00:00,0.9925754625121713,1.0
2022-02-23 05:00:00+00:00,0.992573639540689,1.0
2022-02-24 05:00:00+00:00,0.9926158390252908,1.0
2022-02-25 05:00:00+00:00,0.9925993327267213,1.0
2022-02-28 05:00:00+00:00,0.9926114341085271,1.0
2022-03-01 05:00:00+00:00,0.9925857843137256,1.0
2022-03-02 05:00:00+00:00,0.9926152737752162,1.0
2022-03-03 05:00:00+00:00,0.9926006136076521,1.0
2022-03-04 05:00:00+00:00,0.9925844211558499,1.0
2022-03-07 05:00:00+00:00,0.9925925925925926,1.0
2022-03-08 05:00:00+00:00,0.9926321138211383,1.0
2022-03-09 05:00:00+00:00,0.9925744093280149,1.0
2022-03-10 05:00:00+00:00,0.9926192278576835,1.0
2022-03-11 05:00:00+00:00,0.9926323272797778,1.0
2022-03-14 04:00:00+00:00,0.9926304607621829,1.0
2022-03-15 04:00:00+00:00,0.9925849506738023,1.0
2022-03-16 04:00:00+00:00,0.9926060530108403,1.0
2022-03-17 04:00:00+00:00,0.9925912090648736,1.0
2022-03-18 04:00:00+00:00,0.9926210513477255,1.0
2022-03-21 04:00:00+00:00,0.9926230499455799,1.0
2022-03-22 04:00:00+00:00,0.9925956640208506,1.0
2022-03-23 04:00:00+00:00,0.9925973797074201,1.0
2022-03-24 04:00:00+00:00,0.9925891882575976,1.0
2022-03-25 04:00:00+00:00,0.9926167582417583,1.0
2022-03-28 04:00:00+00:00,0.9925968109339409,1.0
2022-03-29 04:00:00+00:00,0.992624050067054,1.0
2022-03-30 04:00:00+00:00,0.9926309276030826,1.0
2022-03-31 04:00:00+00:00,0.9926121069812724,1.0
2022-04-01 04:00:00+00:00,0.9925993918880156,1.0
2022-04-04 04:00:00+00:00,0.992602555480834,1.0
2022-04-05 04:00:00+00:00,0.9926310979092883,1.0
2022-04-06 04:00:00+00:00,0.9925990675990677,1.0
2022-04-07 04:00:00+00:00,0.9926235697275949,1.0
2022-04-08 04:00:00+00:00,0.9925921570933036,1.0
2022-04-11 04:00:00+00:00,0.9925809759334098,1.0
2022-04-12 04:00:00+00:00,0.9926040796850769,1.0
2022-04-13 04:00:00+00:00,0.9926056338028167,1.0
2022-04-14 04:00:00+00:00,0.9926190332143505,1.0
2022-04-18 04:00:00+00:00,0.9926091960986249,1.0
2022-04-19 04:00:00+00:00,0.9925925925925926,1.0
2022-04-20 04:00:00+00:00,0.992585062488788,1.0
2022-04-21 04:00:00+00:00,0.9926090614108882,1.0
2022-04-22 04:00:00+00:00,0.9925829779343595,1.0
2022-04-25 04:00:00+00:00,0.9926326129666012,1.0
2022-04-26 04:00:00+00:00,0.9926020408163264,1.0
2022-04-27 04:00:00+00:00,0.9925911732771284,1.0
2022-04-28 04:00:00+00:00,0.9926057198728918,1.0
2022-04-29 04:00:00+00:00,0.9925784966698381,1.0
2022-05-02 04:00:00+00:00,0.9925930615345656,1.0
2022-05-03 04:00:00+00:00,0.9926009530975672,1.0
2022-05-04 04:00:00+00:00,0.9925912540657751,1.0
2022-05-05 04:00:00+00:00,0.992600625119602,1.0
2022-05-06 04:00:00+00:00,0.994086978636826,1.0
2022-05-09 04:00:00+00:00,0.9940812837038011,1.0
2022-05-10 04:00:00+00:00,0.9940456928354152,1.0
2022-05-11 04:00:00+00:00,0.994061433447099,1.0
2022-05-12 04:00:00+00:00,0.994037598204265,1.0
2022-05-13 04:00:00+00:00,0.9940852539261676,1.0
2022-05-16 04:00:00+00:00,0.9940222619211213,1.0
2022-05-17 04:00:00+00:00,0.9940364513535245,1.0
2022-05-18 04:00:00+00:00,0.9940349382190029,1.0
2022-05-19 04:00:00+00:00,0.9940298507462687,1.0
2022-05-20 04:00:00+00:00,0.9940402645541101,1.0
2022-05-23 04:00:00+00:00,0.9940605128921807,1.0
2022-05-24 04:00:00+00:00,0.994086634368766,1.0
2022-05-25 04:00:00+00:00,0.9940222032450896,1.0
2022-05-26 04:00:00+00:00,0.9940881902907219,1.0
2022-05-27 04:00:00+00:00,0.994052392408447,1.0
2022-05-31 04:00:00+00:00,0.9940876108572965,1.0
2022-06-01 04:00:00+00:00,0.9940824423374353,1.0
2022-06-02 04:00:00+00:00,0.9940480126975729,1.0
2022-06-03 04:00:00+00:00,0.9940844682899987,1.0
2022-06-06 04:00:00+00:00,0.9940468044341044,1.0
2022-06-07 04:00:00+00:00,0.9940824423374353,1.0
2022-06-08 04:00:00+00:00,0.9940524466071912,1.0
2022-06-09 04:00:00+00:00,0.994040942232193,1.0
2022-06-10 04:00:00+00:00,0.9940202727339021,1.0
2022-06-13 04:00:00+00:00,0.9940855323020928,1.0
2022-06-14 04:00:00+00:00,0.9940494124736367,1.0
2022-06-15 04:00:00+00:00,0.9940190504319575,1.0
2022-06-16 04:00:00+00:00,0.9940796555435952,1.0
2022-06-17 04:00:00+00:00,0.9940711462450593,1.0
2022-06-21 04:00:00+00:00,0.9940384190770589,1.0
2022-06-22 04:00:00+00:00,0.9940893978574068,1.0
2022-06-23 04:00:00+00:00,0.9940695740218412,1.0
2022-06-24 04:00:00+00:00,0.9940703091910207,1.0
2022-06-27 04:00:00+00:00,0.9940703091910207,1.0
2022-06-28 04:00:00+00:00,0.9940337601862631,1.0
2022-06-29 04:00:00+00:00,0.9940386410974648,1.0
2022-06-30 04:00:00+00:00,0.9940754827384435,1.0
2022-07-01 04:00:00+00:00,0.9940257683725616,1.0
2022-07-05 04:00:00+00:00,0.9940661203729867,1.0
2022-07-06 04:00:00+00:00,0.9940526168485867,1.0
2022-07-07 04:00:00+00:00,0.9940553467714383,1.0
2022-07-08 04:00:00+00:00,0.9940832426550598,1.0
2022-07-11 04:00:00+00:00,0.9940636432663766,1.0
2022-07-12 04:00:00+00:00,0.9940353763883175,1.0
2022-07-13 04:00:00+00:00,0.9940889408206749,1.0
2022-07-14 04:00:00+00:00,0.9940728766754227,1.0
2022-07-15 04:00:00+00:00,0.9940733834987016,1.0
2022-07-18 04:00:00+00:00,0.9940844495818317,1.0
2022-07-19 04:00:00+00:00,0.9940397350993377,1.0
2022-07-20 04:00:00+00:00,0.9940538421327758,1.0
2022-07-21 04:00:00+00:00,0.9940778886385582,1.0
2022-07-22 04:00:00+00:00,0.9940294633006683,1.0
2022-07-25 04:00:00+00:00,0.994050343249428,1.0
2022-07-26 04:00:00+00:00,0.9940633245382585,1.0
2022-07-27 04:00:00+00:00,0.994068499266535,1.0
2022-07-28 04:00:00+00:00,0.9940260565618049,1.0
2022-07-29 04:00:00+00:00,0.9940311365454434,1.0
2022-08-01 04:00:00+00:00,0.994056095597796,1.0
2022-08-02 04:00:00+00:00,0.9940628710705581,1.0
2022-08-03 04:00:00+00:00,0.994040811412749,1.0
2022-08-04 04:00:00+00:00,0.9940293106567758,1.0
2022-08-05 04:00:00+00:00,0.9954641669186574,1.0
2022-08-08 04:00:00+00:00,0.9954509613634985,1.0
2022-08-09 04:00:00+00:00,0.9954523405287412,1.0
2022-08-10 04:00:00+00:00,0.9954502481682816,1.0
2022-08-11 04:00:00+00:00,0.9954299958454507,1.0
2022-08-12 04:00:00+00:00,0.99540964555491,1.0
2022-08-15 04:00:00+00:00,0.9954385357122236,1.0
2022-08-16 04:00:00+00:00,0.9954343177483674,1.0
2022-08-17 04:00:00+00:00,0.9954167860211973,1.0
2022-08-18 04:00:00+00:00,0.9954636807349986,1.0
2022-08-19 04:00:00+00:00,0.9954524253731343,1.0
2022-08-22 04:00:00+00:00,0.9954645819657457,1.0
2022-08-23 04:00:00+00:00,0.9954553608802249,1.0
2022-08-24 04:00:00+00:00,0.9954634990747926,1.0
2022-08-25 04:00:00+00:00,0.9954125742516027,1.0
2022-08-26 04:00:00+00:00,0.9954162082874954,1.0
2022-08-29 04:00:00+00:00,0.9954145495104721,1.0
2022-08-30 04:00:00+00:00,0.9954691334717765,1.0
2022-08-31 04:00:00+00:00,0.9954204299707416,1.0
2022-09-01 04:00:00+00:00,0.9954418840212712,1.0
2022-09-02 04:00:00+00:00,0.9954431679609781,1.0
2022-09-06 04:00:00+00:00,0.9954701352488191,1.0
2022-09-07 04:00:00+00:00,0.9954475506540138,1.0
2022-09-08 04:00:00+00:00,0.9954680823514177,1.0
2022-09-09 04:00:00+00:00,0.9954247950689458,1.0
2022-09-12 04:00:00+00:00,0.9954108792755308,1.0
2022-09-13 04:00:00+00:00,0.9954498179927196,1.0
2022-09-14 04:00:00+00:00,0.9954284978430236,1.0
2022-09-15 04:00:00+00:00,0.9954059198004855,1.0
2022-09-16 04:00:00+00:00,0.9954213669542137,1.0
2022-09-19 04:00:00+00:00,0.9954686690833766,1.0
2022-09-20 04:00:00+00:00,0.9954110898661568,1.0
2022-09-21 04:00:00+00:00,0.9954462659380693,1.0
2022-09-22 04:00:00+00:00,0.9954170485792849,1.0
2022-09-23 04:00:00+00:00,0.9954131489729442,1.0
2022-09-26 04:00:00+00:00,0.9954234927372819,1.0
2022-09-27 04:00:00+00:00,0.9954533473906167,1.0
2022-09-28 04:00:00+00:00,0.9954618259476775,1.0
2022-09-29 04:00:00+00:00,0.9954379562043797,1.0
2022-09-30 04:00:00+00:00,0.9954413892908828,1.0
2022-10-03 04:00:00+00:00,0.9954369954369956,1.0
2022-10-04 04:00:00+00:00,0.9954140999315538,1.0
2022-10-05 04:00:00+00:00,0.9954234972677595,1.0
2022-10-06 04:00:00+00:00,0.9954617341676408,1.0
2022-10-07 04:00:00+00:00,0.9954315083160824,1.0
2022-10-10 04:00:00+00:00,0.995442244694488,1.0
2022-10-11 04:00:00+00:00,0.9954669736652756,1.0
2022-10-12 04:00:00+00:00,0.9954460026022842,1.0
2022-10-13 04:00:00+00:00,0.9954542275683614,1.0
2022-10-14 04:00:00+00:00,0.9954473189767308,1.0
2022-10-17 04:00:00+00:00,0.9954357137841443,1.0
2022-10-18 04:00:00+00:00,0.9954086956521739,1.0
2022-10-19 04:00:00+00:00,0.9954122063116917,1.0
2022-10-20 04:00:00+00:00,0.9954669084315505,1.0
2022-10-21 04:00:00+00:00,0.9954505330345622,1.0
2022-10-24 04:00:00+00:00,0.9954499832719975,1.0
2022-10-25 04:00:00+00:00,0.9954706577392675,1.0
2022-10-26 04:00:00+00:00,0.9954469367258119,1.0
2022-10-27 04:00:00+00:00,0.995441988950276,1.0
2022-10-28 04:00:00+00:00,0.9954411198150763,1.0
2022-10-31 04:00:00+00:00,0.9954349810877787,1.0
2022-11-01 04:00:00+00:00,0.9954198473282443,1.0
2022-11-02 04:00:00+00:00,0.9954492174032958,1.0
2022-11-03 04:00:00+00:00,0.9954637096774194,1.0
2022-11-04 04:00:00+00:00,0.9971094088741147,1.0
2022-11-07 05:00:00+00:00,0.9971206449755257,1.0
2022-11-08 05:00:00+00:00,0.9970609318996416,1.0
2022-11-09 05:00:00+00:00,0.9971083265366648,1.0
2022-11-10 05:00:00+00:00,0.9970722407571321,1.0
2022-11-11 05:00:00+00:00,0.997060788243153,1.0
2022-11-14 05:00:00+00:00,0.9971000809279741,1.0
2022-11-15 05:00:00+00:00,0.9970674486803519,1.0
2022-11-16 05:00:00+00:00,0.9971100208347337,1.0
2022-11-17 05:00:00+00:00,0.9970806794055201,1.0
2022-11-18 05:00:00+00:00,0.9970916782338555,1.0
2022-11-21 05:00:00+00:00,0.9970947908925074,1.0
2022-11-22 05:00:00+00:00,0.9970701824477294,1.0
2022-11-23 05:00:00+00:00,0.9970874429072616,1.0
2022-11-25 05:00:00+00:00,0.9970967524137465,1.0
2022-11-28 05:00:00+00:00,0.9970877825544309,1.0
2022-11-29 05:00:00+00:00,0.9970957002195934,1.0
2022-11-30 05:00:00+00:00,0.9970951834087685,1.0
2022-12-01 05:00:00+00:00,0.9971006675207336,1.0
2022-12-02 05:00:00+00:00,0.9970908598876936,1.0
2022-12-05 05:00:00+00:00,0.9970674486803519,1.0
2022-12-06 05:00:00+00:00,0.997061087397663,1.0
2022-12-07 05:00:00+00:00,0.9970909606924933,1.0
2022-12-08 05:00:00+00:00,0.9971258324570628,1.0
2022-12-09 05:00:00+00:00,0.9971159257175014,1.0
2022-12-12 05:00:00+00:00,0.9970932244445981,1.0
2022-12-13 05:00:00+00:00,0.9971128067642814,1.0
2022-12-14 05:00:00+00:00,0.9970672439075482,1.0
2022-12-15 05:00:00+00:00,0.9970695970695971,1.0
2022-12-16 05:00:00+00:00,0.9971005873169282,1.0
2022-12-19 05:00:00+00:00,0.9971292588955202,1.0
2022-12-20 05:00:00+00:00,0.9971277399848827,1.0
2022-12-21 05:00:00+00:00,0.9971207087486158,1.0
2022-12-22 05:00:00+00:00,0.9971262194660818,1.0
2022-12-23 05:00:00+00:00,0.9971181556195964,1.0
2022-12-27 05:00:00+00:00,0.9970775974775052,1.0
2022-12-28 05:00:00+00:00,0.9970644239923834,1.0
2022-12-29 05:00:00+00:00,0.9970681274593008,1.0
2022-12-30 05:00:00+00:00,0.9970753482644501,1.0
2023-01-03 05:00:00+00:00,0.9971216118973375,1.0
2023-01-04 05:00:00+00:00,0.9970718581829693,1.0
2023-01-05 05:00:00+00:00,0.9971204607262838,1.0
2023-01-06 05:00:00+00:00,0.9970683536491283,1.0
2023-01-09 05:00:00+00:00,0.997080291970803,1.0
2023-01-10 05:00:00+00:00,0.9970932456207451,1.0
2023-01-11 05:00:00+00:00,0.9970784328414112,1.0
2023-01-12 05:00:00+00:00,0.9970766809084777,1.0
2023-01-13 05:00:00+00:00,0.997105966162066,1.0
2023-01-17 05:00:00+00:00,0.9970575253788435,1.0
2023-01-18 05:00:00+00:00,0.9971155979587307,1.0
2023-01-19 05:00:00+00:00,0.9971168773563982,1.0
2023-01-20 05:00:00+00:00,0.9970987161819105,1.0
2023-01-23 05:00:00+00:00,0.9970944653107503,1.0
2023-01-24 05:00:00+00:00,0.9971234126148881,1.0
2023-01-25 05:00:00+00:00,0.9971098265895952,1.0
2023-01-26 05:00:00+00:00,0.9970825229230341,1.0
2023-01-27 05:00:00+00:00,0.9971219077639963,1.0
2023-01-30 05:00:00+00:00,0.9970629370629371,1.0
2023-01-31 05:00:00+00:00,0.9970891953704346,1.0
2023-02-01 05:00:00+00:00,0.9971120126521349,1.0
2023-02-02 05:00:00+00:00,0.9970826150377934,1.0
2023-02-03 05:00:00+00:00,0.9970873786407768,1.0
2023-02-06 05:00:00+00:00,0.9971001120411257,1.0
2023-02-07 05:00:00+00:00,0.9970902036857419,1.0
2023-02-08 05:00:00+00:00,0.9971037388099,1.0
2023-02-09 05:00:00+00:00,0.9970835818916949,1.0
2023-02-10 05:00:00+00:00,0.9986093636183035,1.0
2023-02-13 05:00:00+00:00,0.9986350341241469,1.0
2023-02-14 05:00:00+00:00,0.9986292428198434,1.0
2023-02-15 05:00:00+00:00,0.998583660593575,1.0
2023-02-16 05:00:00+00:00,0.9986337909049509,1.0
2023-02-17 05:00:00+00:00,0.9986234021632251,1.0
2023-02-21 05:00:00+00:00,0.9985856681034484,1.0
2023-02-22 05:00:00+00:00,0.998589752199315,1.0
2023-02-23 05:00:00+00:00,0.9985943775100401,1.0
2023-02-24 05:00:00+00:00,0.9986367664099243,1.0
2023-02-27 05:00:00+00:00,0.9985803136830721,1.0
2023-02-28 05:00:00+00:00,0.9986432399430162,1.0
2023-03-01 05:00:00+00:00,0.9986236322345331,1.0
2023-03-02 05:00:00+00:00,0.9986292920293333,1.0
2023-03-03 05:00:00+00:00,0.9986095477719658,1.0
2023-03-06 05:00:00+00:00,0.9986348566599492,1.0
2023-03-07 05:00:00+00:00,0.9986147757255937,1.0
2023-03-08 05:00:00+00:00,0.9986262837705239,1.0
2023-03-09 05:00:00+00:00,0.9986054850919716,1.0
2023-03-10 05:00:00+00:00,0.9985858585858586,1.0
2023-03-13 04:00:00+00:00,0.9986043729647105,1.0
2023-03-14 04:00:00+00:00,0.9986237630250999,1.0
2023-03-15 04:00:00+00:00,0.9986273612654422,1.0
2023-03-16 04:00:00+00:00,0.9985883862688483,1.0
2023-03-17 04:00:00+00:00,0.9985806451612903,1.0
2023-03-20 04:00:00+00:00,0.9986022871664549,1.0
2023-03-21 04:00:00+00:00,0.9986187845303868,1.0
2023-03-22 04:00:00+00:00,0.9986060951656847,1.0
2023-03-23 04:00:00+00:00,0.9986157427798402,1.0
2023-03-24 04:00:00+00:00,0.9986271450858034,1.0
2023-03-27 04:00:00+00:00,0.998610058124842,1.0
2023-03-28 04:00:00+00:00,0.99860450364732,1.0
2023-03-29 04:00:00+00:00,0.9986315854948062,1.0
2023-03-30 04:00:00+00:00,0.9985833949248583,1.0
2023-03-31 04:00:00+00:00,0.9986040301043944,1.0
2023-04-03 04:00:00+00:00,0.9986158753084191,1.0
2023-04-04 04:00:00+00:00,0.9986113626758438,1.0
2023-04-05 04:00:00+00:00,0.9985955056179776,1.0
2023-04-06 04:00:00+00:00,0.9986031823150735,1.0
2023-04-10 04:00:00+00:00,0.9985805097821392,1.0
2023-04-11 04:00:00+00:00,0.9986318407960199,1.0
2023-04-12 04:00:00+00:00,0.9986258588382261,1.0
2023-04-13 04:00:00+00:00,0.9986107755496497,1.0
2023-04-14 04:00:00+00:00,0.9986078324556624,1.0
2023-04-17 04:00:00+00:00,0.9986080009683472,1.0
2023-04-18 04:00:00+00:00,0.998618369676218,1.0
2023-04-19 04:00:00+00:00,0.9986279305613555,1.0
2023-04-20 04:00:00+00:00,0.9986198619861986,1.0
2023-04-21 04:00:00+00:00,0.9986062295479334,1.0
2023-04-24 04:00:00+00:00,0.99860884292022,1.0
2023-04-25 04:00:00+00:00,0.9985955913781521,1.0
2023-04-26 04:00:00+00:00,0.9985955056179776,1.0
2023-04-27 04:00:00+00:00,0.9986342853749778,1.0
2023-04-28 04:00:00+00:00,0.9985855728429985,1.0
2023-05-01 04:00:00+00:00,0.9985848222182911,1.0
2023-05-02 04:00:00+00:00,0.9986353387919782,1.0
2023-05-03 04:00:00+00:00,0.9986264556584056,1.0
2023-05-04 04:00:00+00:00,0.9986127028168165,1.0
2023-05-05 04:00:00+00:00,0.9986176707752562,1.0
2023-05-08 04:00:00+00:00,0.9986167146974063,1.0
2023-05-09 04:00:00+00:00,0.9986027827909413,1.0
2023-05-10 04:00:00+00:00,0.9985883437527009,1.0
2023-05-11 04:00:00+00:00,0.9986187050359712,1.0
2023-05-12 04:00:00+00:00,1.0,1.0
2023-05-15 04:00:00+00:00,1.0,1.0
2023-05-16 04:00:00+00:00,1.0,1.0
2023-05-17 04:00:00+00:00,1.0,1.0
2023-05-18 04:00:00+00:00,1.0,1.0
2023-05-19 04:00:00+00:00,1.0,1.0
2023-05-22 04:00:00+00:00,1.0,1.0
2023-05-23 04:00:00+00:00,1.0,1.0
2023-05-24 04:00:00+00:00,1.0,1.0
2023-05-25 04:00:00+00:00,1.0,1.0
2023-05-26 04:00:00+00:00,1.0,1.0
2023-05-30 04:00:00+00:00,1.0,1.0
2023-05-31 04:00:00+00:00,1.0,1.0
2023-06-01 04:00:00+00:00,1.0,1.0
2023-06-02 04:00:00+00:00,1.0,1.0
2023-06-05 04:00:00+00:00,1.0,1.0
2023-06-06 04:00:00+00:00,1.0,1.0
2023-06-07 04:00:00+00:00,1.0,1.0
2023-06-08 04:00:00+00:00,1.0,1.0
2023-06-09 04:00:00+00:00,1.0,1.0
2023-06-12 04:00:00+00:00,1.0,1.0
2023-06-13 04:00:00+00:00,1.0,1.0
2023-06-14 04:00:00+00:00,1.0,1.0
2023-06-15 04:00:00+00:00,1.0,1.0
2023-06-16 04:00:00+00:00,1.0,1.0
2023-06-20 04:00:00+00:00,1.0,1.0
2023-06-21 04:00:00+00:00,1.0,1.0
2023-06-22 04:00:00+00:00,1.0,1.0
