datetime,SPY,cash,commission,total,returns,equity_curve,drawdown
2017-01-03,0.0,100000.0,0.0,100000.0,,,
2017-01-03,0.0,100000.0,0.0,100000.0,0.0,1.0,0.0
2017-01-04,0.0,100000.0,0.0,100000.0,0.0,1.0,0.0
2017-01-05,0.0,100000.0,0.0,100000.0,0.0,1.0,0.0
2017-01-06,0.0,100000.0,0.0,100000.0,0.0,1.0,0.0
2017-01-09,0.0,100000.0,0.0,100000.0,0.0,1.0,0.0
2017-01-10,0.0,100000.0,0.0,100000.0,0.0,1.0,0.0
2017-01-11,22710.0006,77353.4993,0.5,100063.4999,0.0006349989999998584,1.0006349989999999,0.0
2017-01-12,22652.9999,77353.4993,0.5,100006.49919999999,-0.0005696452758194859,1.0000649919999998,-0.0005700070000000945
2017-01-13,0.0,100005.99919999999,1.0,100005.99919999999,-4.999675061068132e-06,1.0000599919999997,-0.0005750070000001273
2017-01-17,22625.0,77300.49889999999,1.5,99925.49889999999,-0.0008049547091570908,0.9992549889999998,-0.001380010000000098
2017-01-18,0.0,99924.99889999999,2.0,99924.99889999999,-5.003727832297855e-06,0.9992499889999997,-0.0013850100000001309
2017-01-19,22591.000399999997,77249.49889999999,2.5,99840.4993,-0.0008456302319759246,0.9984049929999997,-0.0022300060000001176
2017-01-20,0.0,99839.9993,3.0,99839.9993,-5.007987775584866e-06,0.9983999929999997,-0.0022350060000001504
2017-01-23,22614.9994,77165.4988,3.5,99780.4982,-0.0005959645474475916,0.9978049819999998,-0.0028300170000000735
2017-01-24,0.0,99779.9982,4.0,99779.9982,-5.0109992335567455e-06,0.9977999819999998,-0.0028350170000001063
2017-01-25,22957.0007,77019.4976,4.5,99976.4983,0.001969333569300513,0.9997649829999998,-0.000870016000000029
2017-01-26,22933.000200000002,77019.4976,4.5,99952.49780000001,-0.0002400614185142924,0.999524978,-0.0011100209999999056
2017-01-27,0.0,99951.99780000001,5.0,99951.99780000001,-5.002376238794071e-06,0.9995199779999999,-0.0011150209999999383
2017-01-30,22755.0003,77054.4977,5.5,99809.498,-0.0014256823588972845,0.99809498,-0.0025400189999998934
2017-01-31,22752.9999,77054.4977,5.5,99807.4976,-2.0042180755242e-05,0.998074976,-0.0025600229999999113
2017-02-01,22761.999499999998,77054.4977,5.5,99816.49720000001,9.016957860308317e-05,0.9981649720000001,-0.0024700269999997637
2017-02-02,22777.0004,77054.4977,5.5,99831.49810000001,0.00015028477677336838,0.9983149810000002,-0.0023200179999997017
2017-02-03,22933.999600000003,77054.4977,5.5,99988.49730000002,0.001572641931534946,0.9998849730000002,-0.0007500259999996262
2017-02-06,22892.9993,77054.4977,5.5,99947.497,-0.00041005016684070306,0.9994749700000001,-0.0011600289999997848
2017-02-07,0.0,99946.997,6.0,99946.997,-5.002626529027054e-06,0.99946997,-0.0011650289999998176
2017-02-08,22924.0005,77052.49680000001,6.5,99976.4973,0.0002951594433597826,0.9997649730000001,-0.0008700259999997462
2017-02-09,23060.0006,77052.49680000001,6.5,100112.49740000001,0.0013603207120960192,1.0011249740000001,0.0
2017-02-10,23150.9995,77052.49680000001,6.5,100203.49630000001,0.0009089664363921557,1.002034963,0.0
2017-02-13,23277.0004,77052.49680000001,6.5,100329.49720000001,0.0012574501354998269,1.003294972,0.0
2017-02-14,23369.9997,77052.49680000001,6.5,100422.49650000001,0.0009269387627310888,1.004224965,0.0
2017-02-15,23491.999799999998,77052.49680000001,6.5,100544.49660000001,0.0012148682242729691,1.005444966,0.0
2017-02-16,23472.0001,77052.49680000001,6.5,100524.49690000001,-0.000198913920466115,1.005244969,-0.0001999969999999518
2017-02-17,0.0,100523.99690000001,7.0,100523.99690000001,-4.973911985839408e-06,1.005239969,-0.00020499699999998455
2017-02-21,23649.0005,77014.49730000002,7.5,100663.49780000001,0.001387737299570091,1.006634978,0.0
2017-02-22,23627.9999,77014.49730000002,7.5,100642.49720000001,-0.0002086217989536454,1.0064249719999998,-0.00021000600000009584
2017-02-23,0.0,100641.99720000001,8.0,100641.99720000001,-4.968080223655136e-06,1.0064199719999998,-0.0002150060000001286
2017-02-24,23674.0005,76997.49700000002,8.5,100671.49750000001,0.00029312117029411944,1.0067149749999997,0.0
2017-02-27,23711.0001,76997.49700000002,8.5,100708.49710000002,0.00036752805827688917,1.0070849709999998,0.0
2017-02-28,23647.0001,76997.49700000002,8.5,100644.49710000002,-0.0006354975185107747,1.0064449709999999,-0.0006399999999999739
2017-03-01,0.0,100643.99710000002,9.0,100643.99710000002,-4.96798150328992e-06,1.0064399709999998,-0.0006450000000000067
2017-03-02,23827.0004,76665.49720000003,9.5,100492.49760000003,-0.0015053009058201283,1.0049249759999999,-0.00215999499999997
2017-03-03,0.0,100491.99760000003,10.0,100491.99760000003,-4.975495802583829e-06,1.0049199759999998,-0.002164995000000003
2017-03-06,23771.0007,76649.49780000004,10.5,100420.49850000005,-0.0007114904838948499,1.0042049849999999,-0.0028799859999999455
2017-03-07,23700.0,76649.49780000004,10.5,100349.49780000004,-0.0007070339329176001,1.003494978,-0.003589992999999847
2017-03-08,23655.9998,76649.49780000004,10.5,100305.49760000005,-0.00043846955853921177,1.003054976,-0.004029994999999786
2017-03-09,23686.0001,76649.49780000004,10.5,100335.49790000005,0.0002990892893990349,1.003354979,-0.0037299919999997933
2017-03-10,23769.0002,76649.49780000004,10.5,100418.49800000004,0.0008272256752313023,1.00418498,-0.002899990999999824
2017-03-13,23780.9998,76649.49780000004,10.5,100430.49760000005,0.0001194959119983352,1.0043049760000002,-0.002779994999999591
2017-03-14,0.0,100429.99760000005,11.0,100429.99760000005,-4.978567386904054e-06,1.0042999760000002,-0.0027849949999996237
2017-03-15,23894.9997,76739.49820000005,11.5,100634.49790000005,0.0020362471859702858,1.0063449790000003,-0.000739991999999523
2017-03-16,23847.9996,76739.49820000005,11.5,100587.49780000004,-0.0004670376558812972,1.0058749780000003,-0.0012099929999995762
2017-03-17,0.0,100586.99780000004,12.0,100586.99780000004,-4.97079667882705e-06,1.0058699780000002,-0.001214992999999609
2017-03-20,23677.0004,76883.49790000005,12.5,100560.49830000005,-0.0002634485627325267,1.0056049830000002,-0.001479987999999599
2017-03-21,23372.9996,76883.49790000005,12.5,100256.49750000004,-0.0030230637789113723,1.002564975,-0.0045199959999997485
2017-03-22,23427.9999,76883.49790000005,12.5,100311.49780000004,0.0005485958653204115,1.0031149780000002,-0.003969992999999672
2017-03-23,23402.9999,76883.49790000005,12.5,100286.49780000004,-0.0002492236737392517,1.002864978,-0.004219992999999755
2017-03-24,0.0,100285.99780000004,13.0,100285.99780000004,-4.985716033245602e-06,1.002859978,-0.004224992999999788
2017-03-27,23361.999499999998,76899.49770000004,13.5,100261.49720000004,-0.00024430728653523914,1.0026149720000002,-0.004469998999999669
2017-03-28,23532.0007,76899.49770000004,13.5,100431.49840000004,0.0016955781107166334,1.004314984,-0.0027699869999997517
2017-03-29,23553.9993,76899.49770000004,13.5,100453.49700000003,0.0002190408422702017,1.00453497,-0.002550000999999913
2017-03-30,0.0,100452.99700000003,14.0,100452.99700000003,-4.977427515484578e-06,1.0045299699999999,-0.0025550009999999457
2017-03-31,23574.0005,76823.49770000004,14.5,100397.49820000003,-0.0005524852583542739,1.003974982,-0.003109988999999924
2017-04-03,0.0,100396.99820000003,15.0,100396.99820000003,-4.980203779592074e-06,1.0039699819999999,-0.003114988999999957
2017-04-04,23547.9996,76863.49800000002,15.5,100411.49760000002,0.00014442065260866777,1.0041149759999999,-0.0029699949999999475
2017-04-05,23477.9999,76863.49800000002,15.5,100341.49790000002,-0.0006971283336381084,1.003414979,-0.0036699919999998443
2017-04-06,23544.0002,76863.49800000002,15.5,100407.49820000002,0.0006577567744281421,1.004074982,-0.003009988999999935
2017-04-07,23519.9997,76863.49800000002,15.5,100383.49770000002,-0.000239030953168351,1.003834977,-0.0032499939999999228
2017-04-10,0.0,100382.99770000002,16.0,100382.99770000002,-4.980898369311149e-06,1.0038299769999999,-0.0032549939999999555
2017-04-11,23505.9998,76848.49810000003,16.5,100354.49790000003,-0.0002839106288214932,1.003544979,-0.003539991999999881
2017-04-12,23402.9999,76848.49810000003,16.5,100251.49800000002,-0.0010263605733212833,1.0025149799999997,-0.0045699910000001065
2017-04-13,23250.9995,76848.49810000003,16.5,100099.49760000003,-0.0015161908104355248,1.0009949759999999,-0.006089994999999959
2017-04-17,23457.0007,76848.49810000003,16.5,100305.49880000003,0.0020579643748381837,1.003054988,-0.004029982999999904
2017-04-18,23386.999499999998,76848.49810000003,16.5,100235.49760000003,-0.0006978799850203554,1.002354976,-0.004729994999999931
2017-04-19,0.0,100234.99760000003,17.0,100234.99760000003,-4.988252784388081e-06,1.0023499759999999,-0.004734994999999964
2017-04-20,23533.999600000003,76890.49740000004,17.5,100424.49700000003,0.0018905512499358679,1.0042449699999998,-0.0028400010000000364
2017-04-21,23458.999600000003,76890.49740000004,17.5,100349.49700000003,-0.000746829730200238,1.0034949699999998,-0.003590001000000065
2017-04-24,0.0,100348.99700000003,18.0,100348.99700000003,-4.9825860113372755e-06,1.0034899699999997,-0.0035950010000000976
2017-04-25,23855.0003,76631.49720000004,18.5,100486.49750000004,0.0013702229629659612,1.0048649749999998,-0.002219996000000002
2017-04-26,23839.9994,76631.49720000004,18.5,100471.49660000004,-0.00014928274318648516,1.0047149659999999,-0.002370004999999953
2017-04-27,0.0,100470.99660000004,19.0,100470.99660000004,-4.976535802891924e-06,1.0047099659999998,-0.0023750049999999856
2017-04-28,23808.000200000002,76610.49600000004,19.5,100418.49620000005,-0.0005225428409852961,1.004184962,-0.002900008999999759
2017-05-01,23867.9993,76610.49600000004,19.5,100478.49530000004,0.0005974905248580242,1.004784953,-0.0023000179999999038
2017-05-02,23877.0004,76610.49600000004,19.5,100487.49640000005,8.958235265299486e-05,1.004874964,-0.0022100069999997363
2017-05-03,0.0,100486.99640000005,20.0,100486.99640000005,-4.975743429946888e-06,1.004869964,-0.002215006999999769
2017-05-04,23875.9995,76638.49680000005,20.5,100514.49630000006,0.00027366625518920884,1.005144963,-0.0019400079999998265
2017-05-05,23969.9997,76638.49680000005,20.5,100608.49650000005,0.0009351904795844579,1.0060849649999999,-0.0010000059999999422
2017-05-08,23966.000399999997,76638.49680000005,20.5,100604.49720000004,-3.975111585141633e-05,1.0060449719999998,-0.0010399990000000692
2017-05-09,0.0,100603.99720000004,21.0,100603.99720000004,-4.9699567505889775e-06,1.0060399719999997,-0.001044999000000102
2017-05-10,23986.999499999998,76659.49700000005,21.5,100646.49650000004,0.00042244146537750993,1.0064649649999997,-0.0006200060000001173
2017-05-11,23938.000500000002,76659.49700000005,21.5,100597.49750000006,-0.00048684257976117085,1.0059749749999998,-0.0011099960000000575
2017-05-12,0.0,100596.99750000006,22.0,100596.99750000006,-4.970302566409401e-06,1.0059699749999997,-0.0011149960000000902
2017-05-15,24030.0003,76698.49790000006,22.5,100728.49820000006,0.0013072030305874005,1.0072849819999996,0.0
2017-05-16,24008.000200000002,76698.49790000006,22.5,100706.49810000006,-0.00021840988789811888,1.0070649809999996,-0.0002200009999999697
2017-05-17,0.0,100705.99810000006,23.0,100705.99810000006,-4.964922913908154e-06,1.0070599809999996,-0.00022500100000000245
2017-05-18,23677.0004,77123.49740000005,23.5,100800.49780000006,0.0009383721107274479,1.0080049779999998,0.0
2017-05-19,23830.9998,77123.49740000005,23.5,100954.49720000006,0.0015277642805451297,1.0095449719999998,0.0
2017-05-22,23952.0004,77123.49740000005,23.5,101075.49780000006,0.0011985657237267855,1.0107549779999998,0.0
2017-05-23,24005.0003,77123.49740000005,23.5,101128.49770000005,0.0005243595248460853,1.0112849769999996,0.0
2017-05-24,0.0,101127.99770000005,24.0,101127.99770000005,-4.944204762935556e-06,1.0112799769999996,-5.000000000032756e-06
2017-05-25,24175.9995,77066.49760000005,24.5,101242.49710000005,0.0011322225556138488,1.0124249709999997,0.0
2017-05-26,24171.0007,77066.49760000005,24.5,101237.49830000005,-4.937452298381384e-05,1.0123749829999997,-4.998800000000081e-05
2017-05-30,0.0,101236.99830000005,25.0,101236.99830000005,-4.938881426275188e-06,1.0123699829999997,-5.4988000000033566e-05
2017-05-31,24144.0002,77086.49830000005,25.5,101230.49850000005,-6.420380008442805e-05,1.0123049849999997,-0.00011998600000007187
2017-06-01,24336.0001,77086.49830000005,25.5,101422.49840000005,0.0018966606195267577,1.0142249839999997,0.0
2017-06-02,24416.999799999998,77086.49830000005,25.5,101503.49810000006,0.0007986364098480081,1.0150349809999997,0.0
2017-06-05,0.0,101502.99810000006,26.0,101502.99810000006,-4.925938606681335e-06,1.0150299809999996,-5.000000000032756e-06
2017-06-06,0.0,101502.99810000006,26.0,101502.99810000006,0.0,1.0150299809999996,-5.000000000032756e-06
2017-06-07,24366.000399999997,77181.49740000005,26.5,101547.49780000004,0.0004384077399974817,1.0154749779999996,0.0
2017-06-08,24377.9999,77181.49740000005,26.5,101559.49730000005,0.00011816637790174056,1.0155949729999998,0.0
2017-06-09,24341.000399999997,77181.49740000005,26.5,101522.49780000004,-0.0003643135401774078,1.0152249779999998,-0.00036999500000001184
2017-06-12,24336.0001,77181.49740000005,26.5,101517.49750000006,-4.925312229642209e-05,1.0151749749999999,-0.0004199979999999215
2017-06-13,24455.0003,77181.49740000005,26.5,101636.49770000005,0.0011722136866110233,1.0163649769999998,0.0
2017-06-14,24424.0005,77181.49740000005,26.5,101605.49790000005,-0.0003050065744247821,1.0160549789999997,-0.00030999800000008904
2017-06-15,0.0,101604.99790000005,27.0,101604.99790000005,-4.9209935518712555e-06,1.0160499789999997,-0.0003149980000001218
2017-06-16,24263.9999,77227.49750000004,27.5,101491.49740000004,-0.0011170759543907005,1.0149149739999996,-0.0014500030000001995
2017-06-19,24466.000399999997,77227.49750000004,27.5,101693.49790000005,0.0019903194373405153,1.0169349789999997,0.0
2017-06-20,24300.9995,77227.49750000004,27.5,101528.49700000005,-0.001622531463734811,1.0152849699999997,-0.0016500090000000078
2017-06-21,0.0,101527.99700000005,28.0,101527.99700000005,-4.924725715227396e-06,1.0152799699999997,-0.0016550090000000406
2017-06-22,24283.999600000003,77232.49730000005,28.5,101516.49690000006,-0.00011327023421914273,1.0151649689999998,-0.0017700099999999885
2017-06-23,24313.000500000002,77232.49730000005,28.5,101545.49780000004,0.000285676721376138,1.0154549779999995,-0.0014800010000002306
2017-06-26,24328.9993,77232.49730000005,28.5,101561.49660000004,0.00015755302151854167,1.0156149659999993,-0.0013200130000003973
2017-06-27,24133.000200000002,77232.49730000005,28.5,101365.49750000006,-0.0019298563585757877,1.0136549749999995,-0.0032800040000002806
2017-06-28,24349.0005,77232.49730000005,28.5,101581.49780000004,0.002130905538149097,1.0158149779999994,-0.0011200010000003147
2017-06-29,24135.0006,77232.49730000005,28.5,101367.49790000005,-0.002106681872532823,1.0136749789999995,-0.0032600000000002627
2017-06-30,0.0,101366.99790000005,29.0,101366.99790000005,-4.932547516323105e-06,1.0136699789999994,-0.0032650000000002954
2017-07-03,24221.0007,77186.49760000005,29.5,101407.49830000005,0.0003995422656193348,1.0140749829999993,-0.00285999600000042
2017-07-05,24277.0004,77186.49760000005,29.5,101463.49800000005,0.0005522244502504936,1.0146349799999992,-0.002299999000000552
2017-07-06,24055.0003,77186.49760000005,29.5,101241.49790000005,-0.002187979957087638,1.0124149789999992,-0.004520000000000524
2017-07-07,24211.0001,77186.49760000005,29.5,101397.49770000005,0.0015408681542234959,1.013974976999999,-0.0029600020000006833
2017-07-10,24236.999499999998,77186.49760000005,29.5,101423.49710000004,0.000256410666828355,1.014234970999999,-0.0027000080000008087
2017-07-11,0.0,101422.99710000004,30.0,101422.99710000004,-4.929824096944202e-06,1.014229970999999,-0.0027050080000008414
2017-07-12,24400.9995,77203.49690000004,30.5,101604.49640000005,0.0017895280674959935,1.016044963999999,-0.0008900150000006324
2017-07-13,24441.999799999998,77203.49690000004,30.5,101645.49670000005,0.00040352840132773515,1.0164549669999992,-0.00048001200000058475
2017-07-14,0.0,101644.99670000005,31.0,101644.99670000005,-4.919057078112132e-06,1.0164499669999991,-0.0004850120000006175
2017-07-17,24552.9999,77088.49690000004,31.5,101641.49680000004,-3.44325851112659e-05,1.016414967999999,-0.0005200110000007641
2017-07-18,0.0,101640.99680000004,32.0,101640.99680000004,-4.919250657819951e-06,1.016409967999999,-0.0005250110000007968
2017-07-19,24699.0005,77074.49640000003,32.5,101773.49690000003,0.0013036088209634755,1.017734968999999,0.0
2017-07-20,24710.0006,77074.49640000003,32.5,101784.49700000003,0.00010808413128238215,1.0178449699999992,0.0
2017-07-21,0.0,101783.99700000003,33.0,101783.99700000003,-4.912339449880676e-06,1.0178399699999992,-5.000000000032756e-06
2017-07-24,24682.0007,77095.49650000004,33.5,101777.49720000004,-6.385876160852622e-05,1.0177749719999993,-6.999799999984901e-05
2017-07-25,24741.999799999998,77095.49650000004,33.5,101837.49630000003,0.0005895124330095314,1.0183749629999992,0.0
2017-07-26,24742.9993,77095.49650000004,33.5,101838.49580000003,9.814656058093618e-06,1.0183849579999993,0.0
2017-07-27,0.0,101837.99580000003,34.0,101837.99580000003,-4.909734733105076e-06,1.0183799579999993,-5.000000000032756e-06
2017-07-28,24691.000399999997,77117.49610000003,34.5,101808.49650000004,-0.0002896688978240025,1.0180849649999992,-0.0002999930000000539
2017-07-31,24677.0004,77117.49610000003,34.5,101794.49650000004,-0.00013751308074760882,1.0179449649999992,-0.0004399930000000829
2017-08-01,24732.0007,77117.49610000003,34.5,101849.49680000004,0.0005403072060974345,1.0184949679999993,0.0
2017-08-02,24744.0002,77117.49610000003,34.5,101861.49630000003,0.00011781599690730005,1.0186149629999992,0.0
2017-08-03,0.0,101860.99630000003,35.0,101860.99630000003,-4.908626106692182e-06,1.0186099629999992,-5.000000000032756e-06
2017-08-04,24741.000399999997,77164.49560000002,35.5,101905.49600000001,0.0004368669227319266,1.019054959999999,0.0
2017-08-07,24786.999499999998,77164.49560000002,35.5,101951.49510000003,0.0004513897856894822,1.0195149509999992,0.0
2017-08-08,24725.9995,77164.49560000002,35.5,101890.49510000003,-0.0005983237415024822,1.0189049509999992,-0.0006099999999999994
2017-08-09,0.0,101889.99510000003,36.0,101889.99510000003,-4.907229074757602e-06,1.0188999509999992,-0.0006150000000000322
2017-08-10,24375.9995,77164.49510000003,36.5,101540.49460000003,-0.003430174863164659,1.0154049459999992,-0.004110005000000028
2017-08-11,24411.999499999998,77164.49510000003,36.5,101576.49460000003,0.00035453835577436976,1.0157649459999991,-0.0037500050000001117
2017-08-14,24653.9993,77164.49510000003,36.5,101818.49440000003,0.002382438978160817,1.018184943999999,-0.0013300070000001885
2017-08-15,24650.9995,77164.49510000003,36.5,101815.49460000003,-2.9462230979437898e-05,1.0181549459999992,-0.0013600049999999975
2017-08-16,0.0,101814.99460000003,37.0,101814.99460000003,-4.9108438943124e-06,1.0181499459999992,-0.0013650050000000302
2017-08-17,24308.999600000003,77120.49440000004,37.5,101429.49400000004,-0.003786285129361522,1.0142949399999992,-0.005220011000000024
2017-08-18,24271.0007,77120.49440000004,37.5,101391.49510000004,-0.0003746336346702739,1.0139149509999994,-0.005599999999999827
2017-08-21,24289.9994,77120.49440000004,37.5,101410.49380000004,0.00018737962174508738,1.0141049379999996,-0.005410012999999658
2017-08-22,24544.0002,77120.49440000004,37.5,101664.49460000003,0.0025046796488430445,1.0166449459999993,-0.0028700049999998978
2017-08-23,24455.9998,77120.49440000004,37.5,101576.49420000004,-0.000865596198025953,1.0157649419999994,-0.0037500089999997765
2017-08-24,0.0,101575.99420000004,38.0,101575.99420000004,-4.9223986704483025e-06,1.0157599419999994,-0.0037550089999998093
2017-08-25,24455.9998,77176.49370000005,38.5,101632.49350000006,0.0005562268963743566,1.0163249349999994,-0.0031900159999997957
2017-08-28,24457.0007,77176.49370000005,38.5,101633.49440000005,9.848228312847596e-06,1.0163349439999994,-0.0031800069999998737
2017-08-29,0.0,101632.99440000005,39.0,101632.99440000005,-4.919637988987091e-06,1.0163299439999993,-0.0031850069999999064
2017-08-30,24600.9995,77147.49380000005,39.5,101748.49330000006,0.0011364311430737128,1.0174849329999993,-0.0020300179999999113
2017-08-31,24749.0005,77147.49380000005,39.5,101896.49430000005,0.0014545768217286703,1.0189649429999992,-0.0005500080000000462
2017-09-01,24783.999600000003,77147.49380000005,39.5,101931.49340000006,0.00034347697867764815,1.0193149339999992,-0.0002000170000000523
2017-09-05,0.0,101930.99340000006,40.0,101930.99340000006,-4.905255317266821e-06,1.0193099339999991,-0.00020501700000008505
2017-09-06,24689.9994,77324.49360000006,40.5,102014.49300000006,0.0008191777320596394,1.0201449299999992,0.0
2017-09-07,24686.999499999998,77324.49360000006,40.5,102011.49310000005,-2.9406605981052714e-05,1.020114930999999,-2.9999000000113796e-05
2017-09-08,0.0,102010.99310000005,41.0,102010.99310000005,-4.901408506063909e-06,1.020109930999999,-3.499900000014655e-05
2017-09-11,24921.0007,77352.49290000004,41.5,102273.49360000005,0.002573256979693017,1.0227349359999989,0.0
2017-09-12,25005.0003,77352.49290000004,41.5,102357.49320000004,0.0008213232680651661,1.0235749319999987,0.0
2017-09-13,0.0,102356.99320000004,42.0,102356.99320000004,-4.884840223873255e-06,1.0235699319999987,-5.000000000032756e-06
2017-09-14,0.0,102356.99320000004,42.0,102356.99320000004,0.0,1.0235699319999987,-5.000000000032756e-06
2017-09-15,24919.0002,77347.49360000005,42.5,102266.49380000004,-0.0008841545376696569,1.0226649379999986,-0.0009099940000001361
2017-09-18,24972.0001,77347.49360000005,42.5,102319.49370000005,0.0005182528317013713,1.0231949369999989,-0.0003799949999998553
2017-09-19,24997.0001,77347.49360000005,42.5,102344.49370000005,0.00024433271799906287,1.023444936999999,-0.00012999499999977182
2017-09-20,25005.9998,77347.49360000005,42.5,102353.49340000005,8.793536100126786e-05,1.023534933999999,-3.999799999965248e-05
2017-09-21,24938.9999,77347.49360000005,42.5,102286.49350000004,-0.0006545931924196724,1.022864934999999,-0.0007099969999997402
2017-09-22,24944.0002,77347.49360000005,42.5,102291.49380000004,4.8885242116547545e-05,1.0229149379999989,-0.0006599939999998305
2017-09-25,24892.9993,77347.49360000005,42.5,102240.49290000004,-0.0004985839790326851,1.0224049289999988,-0.0011700029999999195
2017-09-26,24908.000200000002,77347.49360000005,42.5,102255.49380000005,0.00014672171049379124,1.022554937999999,-0.0010199939999997465
2017-09-27,25005.0003,77347.49360000005,42.5,102352.49390000004,0.0009486052670157896,1.0235249389999987,-4.999299999997042e-05
2017-09-28,25035.0006,77347.49360000005,42.5,102382.49420000004,0.0002931076601739857,1.0238249419999987,0.0
2017-09-29,0.0,102381.99420000004,43.0,102381.99420000004,-4.883647384268386e-06,1.0238199419999987,-5.000000000032756e-06
2017-10-02,25232.0007,77258.49460000005,43.5,102490.49530000005,0.0010597674019521275,1.0249049529999987,0.0
2017-10-03,25286.0001,77258.49460000005,43.5,102544.49470000005,0.0005268722708573481,1.0254449469999989,0.0
2017-10-04,0.0,102543.99470000005,44.0,102543.99470000005,-4.875932164472019e-06,1.0254399469999989,-5.000000000032756e-06
2017-10-05,25466.000399999997,77227.49430000005,44.5,102693.49470000004,0.001457910825859221,1.0269349469999987,0.0
2017-10-06,25436.999499999998,77227.49430000005,44.5,102664.49380000005,-0.0002824025035345068,1.0266449379999987,-0.00029000899999998
2017-10-09,0.0,102663.99380000005,45.0,102663.99380000005,-4.870232945153319e-06,1.0266399379999986,-0.00029500900000001273
2017-10-10,25461.999499999998,77268.49410000005,45.5,102730.49360000005,0.0006477421882644663,1.0273049359999984,0.0
2017-10-11,25502.0004,77268.49410000005,45.5,102770.49450000006,0.00038937708365116563,1.0277049449999984,0.0
2017-10-12,0.0,102769.99450000006,46.0,102769.99450000006,-4.865209634608014e-06,1.0276999449999984,-5.000000000032756e-06
2017-10-13,0.0,102769.99450000006,46.0,102769.99450000006,0.0,1.0276999449999984,-5.000000000032756e-06
2017-10-16,25528.9993,77274.49480000006,46.5,102803.49410000005,0.00032596673925078257,1.0280349409999983,0.0
2017-10-17,25547.0001,77274.49480000006,46.5,102821.49490000006,0.0001750991068698582,1.0282149489999983,0.0
2017-10-18,25572.0001,77274.49480000006,46.5,102846.49490000006,0.0002431398223134984,1.0284649489999982,0.0
2017-10-19,25578.9993,77274.49480000006,46.5,102853.49410000005,6.805482293592569e-05,1.0285349409999982,0.0
2017-10-20,25710.998499999998,77274.49480000006,46.5,102985.49330000006,0.0012833710818969113,1.0298549329999982,0.0
2017-10-23,25610.998499999998,77274.49480000006,46.5,102885.49330000006,-0.0009710105452298556,1.0288549329999983,-0.0009999999999998899
2017-10-24,0.0,102884.99330000006,47.0,102884.99330000006,-4.859771615683961e-06,1.0288499329999983,-0.0010049999999999226
2017-10-25,25528.9993,77228.49350000006,47.5,102757.49280000005,-0.001239252644243627,1.0275749279999982,-0.0022800050000000294
2017-10-26,0.0,102756.99280000005,48.0,102756.99280000005,-4.865825219857456e-06,1.0275699279999981,-0.002285005000000062
2017-10-27,25770.9991,77194.49330000006,48.5,102965.49240000006,0.002029055097065857,1.0296549239999981,-0.0002000090000000565
2017-10-30,25675.0,77194.49330000006,48.5,102869.49330000006,-0.0009323424553447923,1.0286949329999981,-0.0011600000000000499
2017-10-31,0.0,102868.99330000006,49.0,102868.99330000006,-4.860527489380928e-06,1.0286899329999981,-0.0011650000000000826
2017-11-01,25748.998999999996,77153.49390000006,49.5,102902.49290000006,0.00032565303620990527,1.0290249289999982,-0.0008300039999999953
2017-11-02,25758.9996,77153.49390000006,49.5,102912.49350000006,9.718520628765326e-05,1.0291249349999982,-0.000729997999999954
2017-11-03,25845.001200000002,77153.49390000006,49.5,102998.49510000006,0.0008356769627781979,1.0299849509999983,0.0
2017-11-06,25885.0006,77153.49390000006,49.5,103038.49450000006,0.000388349363368512,1.0303849449999982,0.0
2017-11-07,0.0,103037.99450000006,50.0,103037.99450000006,-4.8525553719702685e-06,1.0303799449999982,-5.000000000032756e-06
2017-11-08,25910.998499999998,77170.49320000006,50.5,103081.49170000006,0.00042214719153910174,1.030814916999998,0.0
2017-11-09,25817.0013,77170.49320000006,50.5,102987.49450000006,-0.0009118727178838437,1.029874944999998,-0.0009399720000000666
2017-11-10,0.0,102986.99450000006,51.0,102986.99450000006,-4.854958385314134e-06,1.029869944999998,-0.0009449720000000994
2017-11-13,25832.9987,77177.49490000006,51.5,103010.49360000006,0.00022817541296449306,1.030104935999998,-0.0007099809999999707
2017-11-14,25773.001099999998,77177.49490000006,51.5,102950.49600000006,-0.0005824416319465398,1.0295049599999981,-0.0013099569999999172
2017-11-15,25644.0002,77177.49490000006,51.5,102821.49510000006,-0.0012530381592333883,1.028214950999998,-0.002599966000000009
2017-11-16,25861.9995,77177.49490000006,51.5,103039.49440000007,0.0021201724385353504,1.0303949439999982,-0.0004199729999998514
2017-11-17,25785.998499999998,77177.49490000006,51.5,102963.49340000006,-0.0007375909639556477,1.0296349339999982,-0.0011799829999998845
2017-11-20,0.0,102962.99340000006,52.0,102962.99340000006,-4.856090090710197e-06,1.0296299339999981,-0.0011849829999999173
2017-11-21,25998.998999999996,77132.49460000006,52.5,103131.49360000006,0.0016365122500410223,1.031314935999998,0.0
2017-11-22,25976.001000000004,77132.49460000006,52.5,103108.49560000007,-0.00022299686737003999,1.0310849559999982,-0.00022997999999985197
2017-11-24,0.0,103107.99560000007,53.0,103107.99560000007,-4.8492609371342255e-06,1.0310799559999981,-0.00023497999999988473
2017-11-27,26023.001099999998,77071.49710000007,53.5,103094.49820000006,-0.00013090546394067815,1.030944981999998,-0.00036995399999995016
2017-11-28,0.0,103093.99820000006,54.0,103093.99820000006,-4.849919333471675e-06,1.030939981999998,-0.0003749539999999829
2017-11-29,26270.9991,76806.49870000005,54.5,103077.49780000006,-0.00016005199418100968,1.030774977999998,-0.0005399580000000626
2017-11-30,0.0,103076.99780000006,55.0,103076.99780000006,-4.850719222626587e-06,1.030769977999998,-0.0005449580000000953
2017-12-01,26445.9991,76575.49680000005,55.5,103021.49590000005,-0.0005384508783200515,1.0302149589999978,-0.0010999770000001963
2017-12-04,0.0,103020.99590000005,56.0,103020.99590000005,-4.853356046052859e-06,1.0302099589999978,-0.001104977000000229
2017-12-05,26319.0002,76606.49440000005,56.5,102925.49460000005,-0.0009270081226229188,1.0292549459999978,-0.0020599900000002336
2017-12-06,26323.998999999996,76606.49440000005,56.5,102930.49340000005,4.856717006251898e-05,1.0293049339999978,-0.0020100020000002328
2017-12-07,26407.000699999997,76606.49440000005,56.5,103013.49510000006,0.0008063859140114982,1.030134950999998,-0.00117998500000005
2017-12-08,26551.001000000004,76606.49440000005,56.5,103157.49540000006,0.0013978780145282865,1.031574953999998,0.0
2017-12-11,26630.9998,76606.49440000005,56.5,103237.49420000006,0.000775501573490045,1.0323749419999981,0.0
2017-12-12,0.0,103236.99420000006,57.0,103236.99420000006,-4.843201628190741e-06,1.032369941999998,-5.000000000032756e-06
2017-12-13,0.0,103236.99420000006,57.0,103236.99420000006,0.0,1.032369941999998,-5.000000000032756e-06
2017-12-14,26566.0004,76561.49420000006,57.5,103127.49460000006,-0.0010606624190148128,1.0312749459999981,-0.001099995999999992
2017-12-15,26651.001000000004,76561.49420000006,57.5,103212.49520000006,0.0008242283042916299,1.0321249519999982,-0.0002499899999999222
2017-12-18,26820.001200000002,76561.49420000006,57.5,103381.49540000006,0.001637400584808102,1.0338149539999981,0.0
2017-12-19,26717.0013,76561.49420000006,57.5,103278.49550000006,-0.000996308861672679,1.0327849549999981,-0.0010299990000000037
2017-12-20,0.0,103277.99550000006,58.0,103277.99550000006,-4.8412788894447445e-06,1.032779954999998,-0.0010349990000000364
2017-12-21,26757.9987,76574.49560000007,58.5,103332.49430000006,0.0005276903345785566,1.033324942999998,-0.0004900110000001234
2017-12-22,26751.001000000004,76574.49560000007,58.5,103325.49660000007,-6.772022728573912e-05,1.033254965999998,-0.0005599880000000113
2017-12-26,0.0,103324.99660000007,59.0,103324.99660000007,-4.8390766699268895e-06,1.033249965999998,-0.000564988000000044
2017-12-27,26732.000699999997,76605.49640000008,59.5,103337.49710000007,0.0001209823412662292,1.033374970999998,-0.0004399830000001437
2017-12-28,26786.9995,76605.49640000008,59.5,103392.49590000008,0.0005322250058639177,1.0339249589999981,0.0
2017-12-29,26685.998499999998,76605.49640000008,59.5,103291.49490000008,-0.0009768697343151,1.032914948999998,-0.0010100100000001166
2018-01-02,0.0,103290.99490000008,60.0,103290.99490000008,-4.840669606820391e-06,1.032909948999998,-0.0010150100000001494
2018-01-03,27047.0001,76413.49600000007,60.5,103460.49610000008,0.0016410065578718047,1.034604960999998,0.0
2018-01-04,27160.998499999998,76413.49600000007,60.5,103574.49450000007,0.0011018543724148344,1.035744944999998,0.0
2018-01-05,27342.0013,76413.49600000007,60.5,103755.49730000008,0.0017475615099429298,1.037554972999998,0.0
2018-01-08,27392.0013,76413.49600000007,60.5,103805.49730000008,0.00048190217676302716,1.038054972999998,0.0
2018-01-09,0.0,103804.99730000008,61.0,103804.99730000008,-4.816700589160838e-06,1.038049972999998,-5.000000000032756e-06
2018-01-10,27411.9995,76350.49640000008,61.5,103762.49590000008,-0.00040943500896362117,1.037624958999998,-0.0004300139999999786
2018-01-11,0.0,103761.99590000008,62.0,103761.99590000008,-4.818696732966643e-06,1.037619958999998,-0.00043501400000001134
2018-01-12,27792.0013,76149.49640000008,62.5,103941.49770000008,0.0017299378104964624,1.0394149769999979,0.0
2018-01-16,27697.0001,76149.49640000008,62.5,103846.49650000008,-0.0009139872149446227,1.038464964999998,-0.0009500119999998891
2018-01-17,0.0,103845.99650000008,63.0,103845.99650000008,-4.81479892777692e-06,1.038459964999998,-0.0009550119999999218
2018-01-18,27914.001500000002,75884.49800000008,63.5,103798.49950000008,-0.0004573792115327713,1.037984994999998,-0.0014299819999998853
2018-01-19,0.0,103797.99950000008,64.0,103797.99950000008,-4.8170253174051325e-06,1.037979994999998,-0.001434981999999918
2018-01-22,28269.0002,75756.49910000007,64.5,104025.49930000007,0.002191755150348529,1.040254992999998,0.0
2018-01-23,28329.0009,75756.49910000007,64.5,104085.50000000007,0.0005767883874987501,1.040854999999998,0.0
2018-01-24,0.0,104085.00000000007,65.0,104085.00000000007,-4.803743076653433e-06,1.040849999999998,-5.000000000032756e-06
2018-01-25,0.0,104085.00000000007,65.0,104085.00000000007,0.0,1.040849999999998,-5.000000000032756e-06
2018-01-26,28657.9987,75754.50120000007,65.5,104412.49990000007,0.0031464658692414993,1.044124998999998,0.0
2018-01-29,28467.999300000003,75754.50120000007,65.5,104222.50050000008,-0.0018196997503360235,1.0422250049999982,-0.0018999939999999604
2018-01-30,0.0,104222.00050000008,66.0,104222.00050000008,-4.797428555303185e-06,1.0422200049999981,-0.0019049939999999932
2018-01-31,28189.9994,76045.49950000008,66.5,104235.49890000008,0.00012951584056386523,1.0423549889999981,-0.0017700099999999885
2018-02-01,28157.9987,76045.49950000008,66.5,104203.49820000007,-0.0003070038550945231,1.0420349819999981,-0.0020900169999999996
2018-02-02,27545.001200000002,76045.49950000008,66.5,103590.50070000008,-0.005882695980354291,1.0359050069999982,-0.008219991999999898
2018-02-05,26392.999300000003,76045.49950000008,66.5,102438.49880000009,-0.011120729142300445,1.0243849879999984,-0.01974001099999967
2018-02-06,26913.0005,76045.49950000008,66.5,102958.50000000007,0.005076228235394442,1.0295849999999982,-0.014539998999999915
2018-02-07,26767.0013,76045.49950000008,66.5,102812.50080000008,-0.0014180393070993835,1.0281250079999982,-0.015999990999999936
2018-02-08,0.0,102812.00080000008,67.0,102812.00080000008,-4.86322184667376e-06,1.0281200079999981,-0.01600499099999997
2018-02-09,26150.0,77048.50030000009,67.5,103198.50030000009,0.00375928390647573,1.0319850029999982,-0.01213999599999993
2018-02-12,26533.9996,77048.50030000009,67.5,103582.49990000008,0.0037209804297901883,1.0358249989999981,-0.008299999999999974
2018-02-13,26600.0,77048.50030000009,67.5,103648.50030000009,0.0006371771299564788,1.0364850029999981,-0.007639995999999982
2018-02-14,0.0,103648.00030000009,68.0,103648.00030000009,-4.823996474168091e-06,1.036480002999998,-0.007644996000000015
2018-02-15,27302.9999,76688.50070000009,68.5,103991.50060000009,0.003314104459379408,1.039915005999998,-0.004209993000000134
2018-02-16,27310.998499999998,76688.50070000009,68.5,103999.4992000001,7.69159013367382e-05,1.039994991999998,-0.004130007000000102
2018-02-20,0.0,103998.9992000001,69.0,103998.9992000001,-4.807715458743367e-06,1.039989991999998,-0.004135007000000135
2018-02-21,27004.998799999998,76858.49980000009,69.5,103863.4986000001,-0.0013029029225504196,1.038634985999998,-0.005490013000000182
2018-02-22,27039.9994,76858.49980000009,69.5,103898.4992000001,0.0003369865301263708,1.0389849919999978,-0.0051400070000002795
2018-02-23,27470.9991,76858.49980000009,69.5,104329.4989000001,0.0041482764748155265,1.0432949889999978,-0.0008300100000002697
2018-02-26,27789.9994,76858.49980000009,69.5,104648.4992000001,0.0030576232356465116,1.046484991999998,0.0
2018-02-27,27442.999300000003,76858.49980000009,69.5,104301.4991000001,-0.0033158631289763596,1.043014990999998,-0.003470000999999945
2018-02-28,0.0,104300.9991000001,70.0,104300.9991000001,-4.793794953217301e-06,1.043009990999998,-0.0034750009999999776
2018-03-01,26770.001200000002,77135.4997000001,70.5,103905.5009000001,-0.003791892727900037,1.039055008999998,-0.007429982999999973
2018-03-02,26907.9987,77135.4997000001,70.5,104043.4984000001,0.0013281058154255287,1.0404349839999978,-0.006050008000000107
2018-03-05,27219.0002,77135.4997000001,70.5,104354.4999000001,0.002989148815472742,1.0435449989999979,-0.0029399930000000296
2018-03-06,27288.0005,77135.4997000001,70.5,104423.5002000001,0.000661210585706673,1.044235001999998,-0.002249989999999924
2018-03-07,0.0,104423.0002000001,71.0,104423.0002000001,-4.78819421911858e-06,1.044230001999998,-0.0022549899999999568
2018-03-08,0.0,104423.0002000001,71.0,104423.0002000001,0.0,1.044230001999998,-0.0022549899999999568
2018-03-09,27886.9995,77012.4996000001,71.5,104899.4991000001,0.004563160406111377,1.0489949909999978,0.0
2018-03-12,27851.998900000002,77012.4996000001,71.5,104864.4985000001,-0.0003336584092421546,1.0486449849999977,-0.00035000600000012483
2018-03-13,0.0,104863.9985000001,72.0,104863.9985000001,-4.76805789517698e-06,1.0486399849999977,-0.0003550060000001576
2018-03-14,27529.998799999998,77191.4984000001,72.5,104721.4972000001,-0.0013589153764721473,1.0472149719999977,-0.0017800190000001326
2018-03-15,27500.0,77191.4984000001,72.5,104691.4984000001,-0.00028646267291909666,1.0469149839999976,-0.002080007000000217
2018-03-16,27420.001200000002,77191.4984000001,72.5,104611.4996000001,-0.0007641384565377773,1.0461149959999976,-0.002879995000000246
2018-03-19,27048.998999999996,77191.4984000001,72.5,104240.4974000001,-0.0035464762613918177,1.0424049739999977,-0.00659001700000017
2018-03-20,27095.001200000002,77191.4984000001,72.5,104286.4996000001,0.0004413083316696653,1.0428649959999978,-0.006129994999999999
2018-03-21,27042.999300000003,77191.4984000001,72.5,104234.4977000001,-0.0004986446011656653,1.0423449769999977,-0.006650014000000093
2018-03-22,0.0,104233.9977000001,73.0,104233.9977000001,-4.7968763799977054e-06,1.0423399769999977,-0.006655014000000126
2018-03-23,25804.998799999998,77866.49640000009,73.5,103671.49520000009,-0.0053965357984154805,1.0367149519999976,-0.012280039000000187
2018-03-26,26510.998499999998,77866.49640000009,73.5,104377.49490000009,0.006809969303886332,1.0437749489999977,-0.005220042000000147
2018-03-27,26060.0006,77866.49640000009,73.5,103926.49700000009,-0.0043208346821513866,1.0392649699999976,-0.0097300210000002
2018-03-28,0.0,103925.99700000009,74.0,103925.99700000009,-4.811092593648425e-06,1.0392599699999976,-0.009735021000000232
2018-03-29,26314.9994,77942.4983000001,74.5,104257.4977000001,0.003189776471425265,1.0425749769999977,-0.0064200140000001404
2018-04-02,25747.0001,77942.4983000001,74.5,103689.4984000001,-0.005448042707052236,1.0368949839999977,-0.012100007000000135
2018-04-03,0.0,103688.9984000001,75.0,103688.9984000001,-4.822089099798532e-06,1.0368899839999977,-0.012105007000000167
2018-04-04,26355.9998,77611.49950000009,75.5,103967.4993000001,0.0026859252601285633,1.0396749929999975,-0.009319998000000274
2018-04-05,26564.001500000002,77611.49950000009,75.5,104175.50100000009,0.0020006415601072636,1.0417550099999975,-0.0072399810000003395
2018-04-06,25972.0001,77611.49950000009,75.5,103583.4996000001,-0.005682731489815351,1.0358349959999975,-0.013159995000000313
2018-04-09,0.0,103582.9996000001,76.0,103582.9996000001,-4.827023627584914e-06,1.0358299959999975,-0.013164995000000346
2018-04-10,26514.9994,77482.4996000001,76.5,103997.4990000001,0.0040016161107581105,1.0399749899999975,-0.009020001000000333
2018-04-11,26376.001000000004,77482.4996000001,76.5,103858.5006000001,-0.0013365552185057306,1.0385850059999975,-0.010409985000000344
2018-04-12,0.0,103858.0006000001,77.0,103858.0006000001,-4.8142424270425366e-06,1.0385800059999974,-0.010414985000000376
2018-04-13,26514.9994,77264.50130000009,77.5,103779.50070000009,-0.0007558387369919206,1.0377950069999973,-0.011199984000000551
2018-04-16,0.0,103779.00070000009,78.0,103779.00070000009,-4.817907165000079e-06,1.0377900069999972,-0.011204984000000584
2018-04-17,27019.0002,77045.5020000001,78.5,104064.50220000009,0.0027510526992384765,1.0406450219999972,-0.008349969000000623
2018-04-18,27039.001500000002,77045.5020000001,78.5,104084.5035000001,0.00019220098666838936,1.0408450349999971,-0.00814995600000068
2018-04-19,0.0,104084.0035000001,79.0,104084.0035000001,-4.803789067420183e-06,1.040840034999997,-0.008154956000000713
2018-04-20,26660.998499999998,77194.5020000001,79.5,103855.5005000001,-0.0021953709726394433,1.0385550049999972,-0.010439986000000623
2018-04-23,26657.000699999997,77194.5020000001,79.5,103851.5027000001,-3.849386869980709e-05,1.0385150269999972,-0.010479964000000619
2018-04-24,26298.001099999998,77194.5020000001,79.5,103492.50310000009,-0.003456855131283576,1.034925030999997,-0.014069960000000714
2018-04-25,26363.0005,77194.5020000001,79.5,103557.50250000009,0.000628059019281757,1.035575024999997,-0.013419966000000727
2018-04-26,26630.9998,77194.5020000001,79.5,103825.5018000001,0.0025879274174269717,1.0382550179999972,-0.010739973000000624
2018-04-27,26655.9998,77194.5020000001,79.5,103850.5018000001,0.00024078862674947743,1.0385050179999973,-0.010489973000000541
2018-04-30,0.0,103850.0018000001,80.0,103850.0018000001,-4.81461323087462e-06,1.0385000179999972,-0.010494973000000574
2018-05-01,26498.001099999998,77398.5008000001,80.5,103896.50190000009,0.0004477621491960626,1.038965018999997,-0.010029972000000775
2018-05-02,26320.001200000002,77398.5008000001,80.5,103718.5020000001,-0.001713242474432053,1.0371850199999972,-0.011809971000000585
2018-05-03,26261.9995,77398.5008000001,80.5,103660.5003000001,-0.0005592223073178637,1.0366050029999974,-0.012389988000000463
2018-05-04,26601.998900000002,77398.5008000001,80.5,104000.4997000001,0.003279932076500014,1.0400049969999974,-0.008989994000000445
2018-05-07,26692.0013,77398.5008000001,80.5,104090.5021000001,0.0008654035342101629,1.0409050209999975,-0.008089970000000335
2018-05-08,26692.0013,77398.5008000001,80.5,104090.5021000001,0.0,1.0409050209999975,-0.008089970000000335
2018-05-09,0.0,104090.0021000001,81.0,104090.0021000001,-4.8035122313105916e-06,1.0409000209999975,-0.008094970000000368
2018-05-10,27201.998900000002,77139.5021000001,81.5,104341.5010000001,0.0024161676907104024,1.0434150099999975,-0.005579981000000345
2018-05-11,27285.0006,77139.5021000001,81.5,104424.5027000001,0.0007954811767563186,1.0442450269999974,-0.004749964000000384
2018-05-14,0.0,104424.0027000001,82.0,104424.0027000001,-4.788148251333446e-06,1.0442400269999974,-0.004754964000000417
2018-05-15,0.0,104424.0027000001,82.0,104424.0027000001,0.0,1.0442400269999974,-0.004754964000000417
2018-05-16,27223.998999999996,77313.5021000001,82.5,104537.5011000001,0.0010868995352157906,1.0453750109999975,-0.0036199800000003
2018-05-17,27201.001000000004,77313.5021000001,82.5,104514.5031000001,-0.00021999760619872966,1.0451450309999974,-0.003849960000000374
2018-05-18,0.0,104514.0031000001,83.0,104514.0031000001,-4.784025041226769e-06,1.0451400309999974,-0.003854960000000407
2018-05-21,27336.9995,77380.5044000001,83.5,104717.50390000011,0.0019471151612602267,1.0471750389999974,-0.0018199520000004021
2018-05-22,27260.998499999998,77380.5044000001,83.5,104641.50290000011,-0.0007257716921191815,1.0464150289999974,-0.0025799620000004353
2018-05-23,0.0,104641.00290000011,84.0,104641.00290000011,-4.778218834267101e-06,1.0464100289999974,-0.002584962000000468
2018-05-24,27279.998799999998,77304.5044000001,84.5,104584.50320000011,-0.000539938441281862,1.0458450319999975,-0.0031499590000003685
2018-05-25,0.0,104584.00320000011,85.0,104584.00320000011,-4.780823015804181e-06,1.0458400319999974,-0.0031549590000004013
2018-05-29,26901.998900000002,77368.50380000011,85.5,104270.50270000011,-0.002997595142734011,1.0427050269999973,-0.006289964000000481
2018-05-30,27260.998499999998,77368.50380000011,85.5,104629.50230000011,0.0034429641241193742,1.0462950229999972,-0.0026999680000006077
2018-05-31,27094.0002,77368.50380000011,85.5,104462.5040000001,-0.0015960918892758968,1.0446250399999972,-0.004369951000000594
2018-06-01,0.0,104462.0040000001,86.0,104462.0040000001,-4.7864064219860225e-06,1.0446200399999972,-0.004374951000000626
2018-06-04,27489.9994,77101.5034000001,86.5,104591.5028000001,0.0012396737094952925,1.0459150279999971,-0.003079963000000685
2018-06-05,27510.0006,77101.5034000001,86.5,104611.5040000001,0.00019123159591893923,1.0461150399999972,-0.0028799510000006023
2018-06-06,0.0,104611.0040000001,87.0,104611.0040000001,-4.77958905931164e-06,1.0461100399999972,-0.002884951000000635
2018-06-07,27736.9995,76870.5046000001,87.5,104607.50410000011,-3.345632740503479e-05,1.0460750409999973,-0.0029199500000005596
2018-06-08,0.0,104607.00410000011,88.0,104607.00410000011,-4.779771817564615e-06,1.0460700409999972,-0.0029249500000005924
2018-06-11,27855.9998,76787.50390000011,88.5,104643.50370000012,0.0003489211866265496,1.0464350369999975,-0.0025599540000003085
2018-06-12,0.0,104643.00370000012,89.0,104643.00370000012,-4.778127473903382e-06,1.0464300369999975,-0.0025649540000003412
2018-06-13,27802.9999,76750.50240000011,89.5,104553.50230000011,-0.0008553022833385215,1.0455350229999973,-0.0034599680000004795
2018-06-14,27873.001099999998,76750.50240000011,89.5,104623.50350000011,0.0006695251565953519,1.0462350349999974,-0.002759956000000452
2018-06-15,27713.0005,76750.50240000011,89.5,104463.50290000011,-0.0015292988157292742,1.0446350289999975,-0.004359962000000328
2018-06-18,0.0,104463.00290000011,90.0,104463.00290000011,-4.786360653374899e-06,1.0446300289999975,-0.004364962000000361
2018-06-19,27550.0,76806.5031000001,90.5,104356.5031000001,-0.0010194977843204223,1.0435650309999973,-0.005429960000000511
2018-06-20,27597.0001,76806.5031000001,90.5,104403.50320000011,0.0004503801737680835,1.0440350319999974,-0.004959959000000458
2018-06-21,27423.998999999996,76806.5031000001,90.5,104230.5021000001,-0.0016570430560035598,1.0423050209999973,-0.006689970000000489
2018-06-22,27473.998999999996,76806.5031000001,90.5,104280.5021000001,0.00047970602647606775,1.0428050209999973,-0.006189970000000544
2018-06-25,27100.0,76806.5031000001,90.5,103906.5031000001,-0.003586471032152816,1.0390650309999974,-0.00992996000000046
2018-06-26,27160.0006,76806.5031000001,90.5,103966.5037000001,0.000577447976882306,1.0396650369999976,-0.009329954000000251
2018-06-27,26935.0006,76806.5031000001,90.5,103741.5037000001,-0.002164158570237662,1.0374150369999975,-0.011579954000000336
2018-06-28,27089.001500000002,76806.5031000001,90.5,103895.5046000001,0.0014844675901877213,1.0389550459999974,-0.010039945000000383
2018-06-29,27127.9999,76806.5031000001,90.5,103934.5030000001,0.00037536176517116715,1.0393450299999976,-0.009649961000000262
2018-07-02,0.0,103934.0030000001,91.0,103934.0030000001,-4.810721998649292e-06,1.0393400299999975,-0.009654961000000295
2018-07-03,27089.9994,76747.5045000001,91.5,103837.5039000001,-0.0009284651530260257,1.0383750389999975,-0.010619952000000321
2018-07-05,0.0,103837.0039000001,92.0,103837.0039000001,-4.8152159020098395e-06,1.0383700389999975,-0.010624952000000354
2018-07-06,27542.0013,76525.5054000001,92.5,104067.5067000001,0.002219852185084026,1.0406750669999973,-0.008319924000000478
2018-07-09,27789.9994,76525.5054000001,92.5,104315.5048000001,0.002383050270579723,1.0431550479999974,-0.005839943000000458
2018-07-10,27889.9994,76525.5054000001,92.5,104415.5048000001,0.000958630264903837,1.0441550479999975,-0.004839943000000346
2018-07-11,0.0,104415.0048000001,93.0,104415.0048000001,-4.7885608651654366e-06,1.0441500479999974,-0.004844943000000379
2018-07-12,0.0,104415.0048000001,93.0,104415.0048000001,0.0,1.0441500479999974,-0.004844943000000379
2018-07-13,27958.9996,76477.50530000009,93.5,104436.50490000009,0.0002059100609264064,1.0443650489999974,-0.004629942000000442
2018-07-16,0.0,104436.00490000009,94.0,104436.00490000009,-4.7875979809486324e-06,1.0443600489999973,-0.004634942000000475
2018-07-17,28047.0001,76501.50530000009,94.5,104548.5054000001,0.0010772194906127908,1.0454850539999976,-0.0035099370000002406
2018-07-18,28105.9998,76501.50530000009,94.5,104607.5051000001,0.000564328488238619,1.0460750509999974,-0.0029199400000003983
2018-07-19,0.0,104607.0051000001,95.0,104607.0051000001,-4.779771771823427e-06,1.0460700509999974,-0.002924940000000431
2018-07-20,0.0,104607.0051000001,95.0,104607.0051000001,0.0,1.0460700509999974,-0.002924940000000431
2018-07-23,28020.001200000002,76638.5058000001,95.5,104658.5070000001,0.0004923370088911749,1.0465850699999975,-0.00240992100000037
2018-07-24,28160.998499999998,76638.5058000001,95.5,104799.5043000001,0.0013472129886202833,1.0479950429999976,-0.0009999480000002503
2018-07-25,28401.001000000004,76638.5058000001,95.5,105039.5068000001,0.0022901110229773813,1.0503950679999976,0.0
2018-07-26,28333.9996,76638.5058000001,95.5,104972.5054000001,-0.0006378685700380027,1.0497250539999974,-0.0006700140000002186
2018-07-27,0.0,104972.0054000001,96.0,104972.0054000001,-4.763152009146232e-06,1.0497200539999973,-0.0006750140000002514
2018-07-30,27995.001200000002,76829.5041000001,96.5,104824.50530000009,-0.0014051374882089185,1.0482450529999974,-0.002150015000000227
2018-07-31,28132.9987,76829.5041000001,96.5,104962.50280000009,0.0013164622108643442,1.0496250279999975,-0.0007700400000001384
2018-08-01,28085.998499999998,76829.5041000001,96.5,104915.5026000001,-0.0004477808621765611,1.0491550259999975,-0.0012400420000000523
2018-08-02,0.0,104915.0026000001,97.0,104915.0026000001,-4.765739929801782e-06,1.0491500259999975,-0.001245042000000085
2018-08-03,28360.0006,76675.5011000001,97.5,105035.5017000001,0.0011485402184034932,1.0503550169999976,-4.0051000000040915e-05
2018-08-06,28464.001500000002,76675.5011000001,97.5,105139.5026000001,0.0009901499808802061,1.0513950259999976,0.0
2018-08-07,28557.9987,76675.5011000001,97.5,105233.49980000009,0.000894023632179497,1.0523349979999976,0.0
2018-08-08,28545.9991,76675.5011000001,97.5,105221.5002000001,-0.0001140283276979126,1.0522150019999976,-0.0001199960000000111
2018-08-09,0.0,105221.0002000001,98.0,105221.0002000001,-4.751880547715359e-06,1.0522100019999976,-0.00012499600000004385
2018-08-10,28316.0004,76713.49950000009,98.5,105029.4999000001,-0.001819981749232591,1.0502949989999977,-0.002039998999999959
2018-08-13,28210.0006,76713.49950000009,98.5,104923.50010000009,-0.0010092383578035324,1.0492350009999976,-0.0030999970000000765
2018-08-14,28389.9994,76713.49950000009,98.5,105103.4989000001,0.0017155241659727594,1.0510349889999975,-0.0013000090000001574
2018-08-15,28177.9999,76713.49950000009,98.5,104891.49940000009,-0.0020170546387014987,1.0489149939999975,-0.0034200040000000875
2018-08-16,0.0,104890.99940000009,99.0,104890.99940000009,-4.7668305139803024e-06,1.0489099939999975,-0.0034250040000001203
2018-08-17,28505.9998,76484.49960000008,99.5,104990.49940000009,0.0009486037941210945,1.0499049939999974,-0.002430004000000263
2018-08-20,0.0,104989.99940000009,100.0,104989.99940000009,-4.762335667152229e-06,1.0498999939999973,-0.002435004000000296
2018-08-21,0.0,104989.99940000009,100.0,104989.99940000009,0.0,1.0498999939999973,-0.002435004000000296
2018-08-22,28617.0013,76355.49980000009,100.5,104972.5011000001,-0.00016666635012851927,1.0497250109999974,-0.002609987000000258
2018-08-23,0.0,104972.0011000001,101.0,104972.0011000001,-4.7631522042124175e-06,1.0497200109999973,-0.0026149870000002906
2018-08-24,28751.001000000004,76392.5002000001,101.5,105143.5012000001,0.001633769940582841,1.0514350119999973,-0.0008999860000002968
2018-08-27,28977.9999,76392.5002000001,101.5,105370.50010000009,0.0021589437046443116,1.0537050009999973,0.0
2018-08-28,28992.0013,76392.5002000001,101.5,105384.5015000001,0.00013287779773962782,1.0538450149999974,0.0
2018-08-29,0.0,105384.0015000001,102.0,105384.0015000001,-4.744530674671843e-06,1.0538400149999974,-5.000000000032756e-06
2018-08-30,29029.998799999998,76235.5004000001,102.5,105265.49920000011,-0.0011244809298686098,1.0526549919999975,-0.001190022999999929
2018-08-31,0.0,105264.99920000011,103.0,105264.99920000011,-4.749894350952744e-06,1.0526499919999974,-0.0011950229999999618
2018-09-04,28980.9998,76233.4994000001,103.5,105214.49920000011,-0.0004797416081678829,1.0521449919999974,-0.0017000229999999394
2018-09-05,28902.9999,76233.4994000001,103.5,105136.4993000001,-0.0007413417408540512,1.0513649929999973,-0.0024800220000000817
2018-09-06,28816.0004,76233.4994000001,103.5,105049.4998000001,-0.000827490933969055,1.0504949979999973,-0.0033500170000000384
2018-09-07,28760.0006,76233.4994000001,103.5,104993.5000000001,-0.0005330801203872193,1.0499349999999974,-0.003910014999999989
2018-09-10,28810.0006,76233.4994000001,103.5,105043.5000000001,0.00047621995647340043,1.0504349999999973,-0.003410015000000044
2018-09-11,28904.998799999998,76233.4994000001,103.5,105138.4982000001,0.0009043700942943378,1.0513849819999974,-0.0024600329999999726
2018-09-12,28911.9995,76233.4994000001,103.5,105145.49890000011,6.658550502303129e-05,1.0514549889999976,-0.002390025999999823
2018-09-13,0.0,105144.99890000011,104.0,105144.99890000011,-4.75531530341744e-06,1.0514499889999975,-0.0023950259999998558
2018-09-14,29088.0005,76061.50020000011,104.5,105149.5007000001,4.2815160465004e-05,1.0514950069999975,-0.002350007999999848
2018-09-17,0.0,105149.0007000001,105.0,105149.0007000001,-4.755134324629928e-06,1.0514900069999975,-0.0023550079999998808
2018-09-18,29091.0004,76214.50110000011,105.5,105305.50150000011,0.0014883717292428766,1.0530550149999978,-0.0007899999999996243
2018-09-19,29122.0001,76214.50110000011,105.5,105336.50120000012,0.0002943787319602542,1.0533650119999978,-0.00048000299999961804
2018-09-20,0.0,105336.00120000012,106.0,105336.00120000012,-4.746692687795928e-06,1.0533600119999977,-0.0004850029999996508
2018-09-21,29198.998999999996,75977.50250000012,106.5,105176.50150000011,-0.0015141993068178428,1.0517650149999977,-0.0020799999999996377
2018-09-24,0.0,105176.00150000011,107.0,105176.00150000011,-4.7539135916707664e-06,1.0517600149999977,-0.0020849999999996705
2018-09-25,29075.0,76073.50260000011,107.5,105148.50260000011,-0.0002614560318686676,1.0514850259999977,-0.0023599889999996737
2018-09-26,28988.0005,76073.50260000011,107.5,105061.5031000001,-0.0008273964711695836,1.0506150309999978,-0.0032299839999996305
2018-09-27,29069.0002,76073.50260000011,107.5,105142.5028000001,0.0007709741209671606,1.051425027999998,-0.002419986999999457
2018-09-28,29072.0001,76073.50260000011,107.5,105145.50270000011,2.853175376382744e-05,1.051455026999998,-0.0023899879999993434
2018-10-01,0.0,105145.00270000011,108.0,105145.00270000011,-4.755315131554916e-06,1.051450026999998,-0.002394987999999376
2018-10-02,29155.9998,75971.50160000012,108.5,105127.50140000012,-0.0001664491849405758,1.051275013999998,-0.002570000999999378
2018-10-03,0.0,105127.00140000012,109.0,105127.00140000012,-4.756129398542086e-06,1.051270013999998,-0.0025750009999994106
2018-10-04,28944.0002,75954.50130000012,109.5,104898.50150000011,-0.0021735605216264275,1.048985014999998,-0.00485999999999942
2018-10-05,28782.000699999997,75954.50130000012,109.5,104736.50200000012,-0.0015443452259419344,1.047365019999998,-0.0064799949999994055
2018-10-08,28782.000699999997,75954.50130000012,109.5,104736.50200000012,0.0,1.047365019999998,-0.0064799949999994055
2018-10-09,28739.9994,75954.50130000012,109.5,104694.50070000012,-0.0004010187393884701,1.046945006999998,-0.006900007999999458
2018-10-10,27829.998799999998,75954.50130000012,109.5,103784.50010000012,-0.008691961792793523,1.037845000999998,-0.016000013999999396
2018-10-11,27217.0013,75954.50130000012,109.5,103171.50260000012,-0.005906445561806972,1.031715025999998,-0.022129988999999295
2018-10-12,27595.001200000002,75954.50130000012,109.5,103549.50250000012,0.0036638014420078413,1.0354950249999981,-0.01834998999999926
2018-10-15,27439.9994,75954.50130000012,109.5,103394.50070000012,-0.0014968859942132706,1.033945006999998,-0.01990000799999936
2018-10-16,0.0,103394.00070000012,110.0,103394.00070000012,-4.835847135176152e-06,1.033940006999998,-0.01990500799999939
2018-10-17,28045.001200000002,75353.50130000012,110.5,103398.50250000012,4.354024381991728e-05,1.033985024999998,-0.019859989999999383
2018-10-18,27639.9994,75353.50130000012,110.5,102993.50070000012,-0.003916901988014754,1.029935006999998,-0.023910007999999427
2018-10-19,27625.0,75353.50130000012,110.5,102978.50130000012,-0.00014563443225112938,1.029785012999998,-0.02406000199999947
2018-10-22,27501.001000000004,75353.50130000012,110.5,102854.50230000012,-0.0012041251177151713,1.028545022999998,-0.025299991999999438
2018-10-23,27360.998499999998,75353.50130000012,110.5,102714.49980000012,-0.0013611703607455672,1.027144997999998,-0.026700016999999354
2018-10-24,26532.000699999997,75353.50130000012,110.5,101885.50200000012,-0.008070893609122165,1.018855019999998,-0.03498999499999944
2018-10-25,27007.9987,75353.50130000012,110.5,102361.50000000012,0.004671891394322225,1.023614999999998,-0.030230014999999444
2018-10-26,26532.9987,75353.50130000012,110.5,101886.50000000012,-0.004640416562867844,1.018864999999998,-0.034980014999999476
2018-10-29,0.0,101886.00000000012,111.0,101886.00000000012,-4.907421493505204e-06,1.0188599999999979,-0.03498501499999951
2018-10-30,26776.998900000002,75499.50150000011,111.5,102276.50040000012,0.0038327189211471158,1.0227650039999978,-0.031080010999999574
2018-10-31,27063.0005,75499.50150000011,111.5,102562.50200000011,0.002796356923452148,1.0256250199999977,-0.02821999499999972
2018-11-01,27351.001000000004,75499.50150000011,111.5,102850.50250000012,0.0028080486960040396,1.0285050249999979,-0.025339989999999535
2018-11-02,27189.001500000002,75499.50150000011,111.5,102688.50300000011,-0.001575096825608635,1.0268850299999979,-0.02695998499999952
2018-11-05,0.0,102688.00300000011,112.0,102688.00300000011,-4.869094254900119e-06,1.0268800299999978,-0.026964984999999553
2018-11-06,27511.9995,75348.50150000011,112.5,102860.50100000012,0.0016798262207904369,1.028605009999998,-0.025240004999999455
2018-11-07,28101.001000000004,75348.50150000011,112.5,103449.50250000012,0.005726216519206018,1.034495024999998,-0.019349989999999373
2018-11-08,28050.0,75348.50150000011,112.5,103398.50150000011,-0.0004930038208739163,1.033985014999998,-0.019859999999999323
2018-11-09,0.0,103398.00150000011,113.0,103398.00150000011,-4.835660021629273e-06,1.033980014999998,-0.019864999999999355
2018-11-12,27257.000699999997,75621.50050000011,113.5,102878.50120000012,-0.005024277959569612,1.0287850119999982,-0.02506000299999922
2018-11-13,27205.9998,75621.50050000011,113.5,102827.50030000012,-0.0004957391428248581,1.0282750029999983,-0.025570011999999087
2018-11-14,27020.001200000002,75621.50050000011,113.5,102641.50170000011,-0.0018088410148778822,1.0264150169999982,-0.027429997999999234
2018-11-15,27301.998900000002,75621.50050000011,113.5,102923.49940000012,0.0027474042695150303,1.0292349939999983,-0.024610020999999094
2018-11-16,27373.001099999998,75621.50050000011,113.5,102994.5016000001,0.0006898541189708229,1.029945015999998,-0.023899998999999283
2018-11-19,0.0,102994.0016000001,114.0,102994.0016000001,-4.854628084305368e-06,1.029940015999998,-0.023904998999999316
2018-11-20,26411.9995,76083.5010000001,114.5,102495.50050000011,-0.004840098377146607,1.024955004999998,-0.028890009999999355
2018-11-21,26501.998900000002,76083.5010000001,114.5,102585.49990000011,0.0008780814724642649,1.025854998999998,-0.027990015999999285
2018-11-23,26325.0,76083.5010000001,114.5,102408.5010000001,-0.0017253793194217382,1.024085009999998,-0.029760004999999312
2018-11-26,0.0,102408.0010000001,115.0,102408.0010000001,-4.882407174333636e-06,1.024080009999998,-0.029765004999999345
2018-11-27,26839.9994,75657.5010000001,115.5,102497.5004000001,0.0008739492923017789,1.0249750039999979,-0.02887001099999953
2018-11-28,27457.9987,75657.5010000001,115.5,103115.4997000001,0.006029408498628985,1.0311549969999978,-0.02269001799999959
2018-11-29,27398.001099999998,75657.5010000001,115.5,103055.5021000001,-0.0005818485113737726,1.0305550209999976,-0.02328999399999976
2018-11-30,0.0,103055.0021000001,116.0,103055.0021000001,-4.851754538237607e-06,1.0305500209999976,-0.02329499399999979
2018-12-03,27929.998799999998,75489.5027000001,116.5,103419.5015000001,0.0035369403966079016,1.0341950149999977,-0.019649999999999723
2018-12-04,27025.0,75489.5027000001,116.5,102514.5027000001,-0.008750755775012165,1.0251450269999975,-0.028699987999999843
2018-12-06,0.0,102514.0027000001,117.0,102514.0027000001,-4.877358684152178e-06,1.0251400269999975,-0.028704987999999876
2018-12-07,26357.000699999997,75529.5031000001,117.5,101886.5038000001,-0.0061211042732994825,1.0188650379999975,-0.034979976999999884
2018-12-10,26407.000699999997,75529.5031000001,117.5,101936.5038000001,0.0004907421310496041,1.0193650379999974,-0.03447997699999994
2018-12-11,26413.0005,75529.5031000001,117.5,101942.5036000001,5.885820855477952e-05,1.0194250359999975,-0.034419978999999934
2018-12-12,0.0,101942.0036000001,118.0,101942.0036000001,-4.904725530052723e-06,1.0194200359999974,-0.03442497899999997
2018-12-13,26536.9995,75395.5045000001,118.5,101932.5040000001,-9.318631834298596e-05,1.0193250399999976,-0.034519974999999814
2018-12-14,0.0,101932.0040000001,119.0,101932.0040000001,-4.905206684613361e-06,1.0193200399999975,-0.03452497499999985
2018-12-17,25536.0001,75884.5039000001,119.5,101420.5040000001,-0.005018051052935291,1.0142050399999976,-0.03963997499999983
2018-12-18,25508.000200000002,75884.5039000001,119.5,101392.50410000011,-0.0002760773107575165,1.0139250409999976,-0.0399199739999998
2018-12-19,25125.9995,75884.5039000001,119.5,101010.5034000001,-0.0037675437981415927,1.0101050339999975,-0.04373998099999987
2018-12-20,24716.999799999998,75884.5039000001,119.5,100601.50370000009,-0.004049080899838575,1.0060150369999974,-0.047829977999999995
2018-12-21,24069.9997,75884.5039000001,119.5,99954.5036000001,-0.006431316393931685,0.9995450359999976,-0.05429997899999983
2018-12-24,23433.999600000003,75884.5039000001,119.5,99318.50350000011,-0.006362895888564979,0.9931850349999977,-0.060659979999999725
2018-12-26,24617.9993,75884.5039000001,119.5,100502.5032000001,0.011921239832213049,1.0050250319999976,-0.04881998299999979
2018-12-27,24807.0007,75884.5039000001,119.5,100691.5046000001,0.0018805641051933275,1.0069150459999976,-0.046929968999999794
2018-12-28,24775.0,75884.5039000001,119.5,100659.5039000001,-0.0003178093338372934,1.0065950389999976,-0.047249975999999805
2018-12-31,0.0,100659.0039000001,120.0,100659.0039000001,-4.967240852860044e-06,1.0065900389999975,-0.04725497599999984
2019-01-02,25017.9993,75666.50410000011,120.5,100684.5034000001,0.0002533255745837959,1.0068450339999975,-0.04699998099999991
2019-01-03,0.0,100684.0034000001,121.0,100684.0034000001,-4.966007509765724e-06,1.0068400339999974,-0.047004980999999946
2019-01-04,25238.9999,76262.5027000001,121.5,101501.5026000001,0.008119454654104352,1.0150150259999973,-0.03882998900000012
2019-01-07,25438.000500000002,76262.5027000001,121.5,101700.5032000001,0.001960568020201947,1.0170050319999973,-0.03683998300000013
2019-01-08,25676.998900000002,76262.5027000001,121.5,101939.5016000001,0.0023500218040219956,1.0193950159999974,-0.03444999900000001
2019-01-09,25797.0001,76262.5027000001,121.5,102059.5028000001,0.0011771805641238586,1.0205950279999974,-0.033249987000000036
2019-01-10,25888.0005,76262.5027000001,121.5,102150.5032000001,0.0008916406361327844,1.0215050319999972,-0.03233998300000018
2019-01-11,25898.001099999998,76262.5027000001,121.5,102160.5038000001,9.790064352799277e-05,1.021605037999997,-0.032239977000000364
2019-01-14,0.0,102160.0038000001,122.0,102160.0038000001,-4.894259340915141e-06,1.021600037999997,-0.0322449770000004
2019-01-15,26035.0006,76419.50440000009,122.5,102454.50500000009,0.0028827446069457086,1.024545049999997,-0.029299965000000316
2019-01-16,26098.001099999998,76419.50440000009,122.5,102517.50550000009,0.0006149119553111593,1.025175054999997,-0.02866996000000044
2019-01-17,0.0,102517.00550000009,123.0,102517.00550000009,-4.8772158234289265e-06,1.025170054999997,-0.02867496000000047
2019-01-18,26645.9991,76220.50640000009,123.5,102866.50550000009,0.0034091904879136603,1.0286650549999967,-0.025179960000000667
2019-01-22,26285.998499999998,76220.50640000009,123.5,102506.50490000009,-0.003499687271869112,1.0250650489999966,-0.028779966000000767
2019-01-23,0.0,102506.00490000009,124.0,102506.00490000009,-4.877739227304723e-06,1.0250600489999966,-0.0287849660000008
2019-01-24,26354.998799999998,76164.50450000008,124.5,102519.50330000008,0.00013168399269058995,1.0251950329999966,-0.028649982000000795
2019-01-25,0.0,102519.00330000008,125.0,102519.00330000008,-4.877120781010547e-06,1.0251900329999966,-0.028654982000000828
2019-01-28,26376.001000000004,75940.50340000009,125.5,102316.50440000009,-0.0019752328200793867,1.0231650439999966,-0.03067997100000075
2019-01-29,0.0,102316.00440000009,126.0,102316.00440000009,-4.886797129510789e-06,1.0231600439999966,-0.030684971000000782
2019-01-30,26757.9987,75974.50400000009,126.5,102732.50270000008,0.00407070528645459,1.0273250269999965,-0.026519988000000883
2019-01-31,26992.999300000003,75974.50400000009,126.5,102967.5033000001,0.00228750000071809,1.0296750329999966,-0.024169982000000756
2019-02-01,27005.9998,75974.50400000009,126.5,102980.5038000001,0.00012625828133483452,1.0298050379999966,-0.024039977000000823
2019-02-04,0.0,102980.0038000001,127.0,102980.0038000001,-4.855287957905574e-06,1.0298000379999965,-0.024044977000000856
2019-02-05,27310.0006,75783.50470000009,127.5,103093.50530000009,0.0011021702836642167,1.0309350529999963,-0.02290996200000106
2019-02-06,27273.998999999996,75783.50470000009,127.5,103057.50370000009,-0.0003492130750161193,1.0305750369999962,-0.02326997800000119
2019-02-07,0.0,103057.00370000009,128.0,103057.00370000009,-4.851660306615102e-06,1.0305700369999962,-0.023274978000001223
2019-02-08,27047.0001,76042.50220000009,128.5,103089.5023000001,0.0003153458652320751,1.0308950229999962,-0.02294999200000114
2019-02-11,27061.9995,76042.50220000009,128.5,103104.5017000001,0.00014549881089109817,1.0310450169999963,-0.022799998000001098
2019-02-12,27410.0006,76042.50220000009,128.5,103452.50280000009,0.003375227019791538,1.034525027999996,-0.01931998700000137
2019-02-13,27498.998999999996,76042.50220000009,128.5,103541.50120000009,0.0008602827151706904,1.0354150119999959,-0.018430003000001527
2019-02-14,27438.0005,76042.50220000009,128.5,103480.50270000008,-0.0005891212633877263,1.0348050269999958,-0.019039988000001618
2019-02-15,0.0,103480.00270000008,129.0,103480.00270000008,-4.831828092743962e-06,1.0348000269999957,-0.01904498800000165
2019-02-19,27785.0006,75742.50320000008,129.5,103527.50380000008,0.0004590365168206656,1.0352750379999958,-0.018569977000001625
2019-02-20,0.0,103527.00380000008,130.0,103527.00380000008,-4.829634460912224e-06,1.0352700379999957,-0.018574977000001658
2019-02-21,27742.0013,75685.50340000007,130.5,103427.50470000008,-0.0009610932060993838,1.0342750469999957,-0.01956996800000166
2019-02-22,0.0,103427.00470000008,131.0,103427.00470000008,-4.83430400310958e-06,1.0342700469999957,-0.01957496800000169
2019-02-25,27951.998900000002,75512.50320000008,131.5,103464.50210000009,0.0003625494145245156,1.0346450209999958,-0.019199994000001608
2019-02-26,0.0,103464.00210000009,132.0,103464.00210000009,-4.832575326352284e-06,1.0346400209999957,-0.01920499400000164
2019-02-27,27920.001200000002,75531.5014000001,132.5,103451.5026000001,-0.00012081013440701227,1.0345150259999958,-0.0193299890000016
2019-02-28,27867.999300000003,75531.5014000001,132.5,103399.50070000009,-0.0005026693541714256,1.0339950069999957,-0.019850008000001695
2019-03-01,28042.0013,75531.5014000001,132.5,103573.5027000001,0.0016828127681665084,1.0357350269999956,-0.018109988000001742
2019-03-04,27939.9994,75531.5014000001,132.5,103471.5008000001,-0.0009848262088368864,1.0347150079999956,-0.01913000700000178
2019-03-05,0.0,103471.0008000001,133.0,103471.0008000001,-4.8322484561547085e-06,1.0347100079999956,-0.019135007000001814
2019-03-06,27732.9987,75568.50190000009,133.5,103301.50060000009,-0.0016381420754558729,1.0330150059999954,-0.02083000900000198
2019-03-07,27501.001000000004,75568.50190000009,133.5,103069.5029000001,-0.0022458308800210602,1.0306950289999954,-0.023149986000001954
2019-03-08,27445.9991,75568.50190000009,133.5,103014.50100000009,-0.0005336389373428174,1.0301450099999954,-0.023700005000002022
2019-03-11,27844.0002,75568.50190000009,133.5,103412.50210000009,0.003863544414975051,1.0341250209999953,-0.019719994000002128
2019-03-12,27948.998999999996,75568.50190000009,133.5,103517.50090000009,0.001015339517638436,1.0351750089999951,-0.018670006000002237
2019-03-13,28133.9996,75568.50190000009,133.5,103702.50150000009,0.0017871432211129523,1.037025014999995,-0.016820000000002278
2019-03-14,28116.0004,75568.50190000009,133.5,103684.5023000001,-0.0001735657263772783,1.0368450229999953,-0.01699999200000213
2019-03-15,0.0,103684.0023000001,134.0,103684.0023000001,-4.822321455044687e-06,1.0368400229999952,-0.01700499200000216
2019-03-18,28232.9987,75552.50250000009,134.5,103785.50120000009,0.000978925366965644,1.0378550119999952,-0.015990003000002195
2019-03-19,28239.9994,75552.50250000009,134.5,103792.50190000009,6.745354523562952e-05,1.0379250189999951,-0.015919996000002268
2019-03-20,0.0,103792.00190000009,135.0,103792.00190000009,-4.817303666859729e-06,1.037920018999995,-0.0159249960000023
2019-03-21,28473.001099999998,75636.50310000009,135.5,104109.50420000008,0.003059024724331838,1.0410950419999951,-0.012749973000002246
2019-03-22,27925.0,75636.50310000009,135.5,103561.50310000009,-0.00526369906581492,1.0356150309999952,-0.018229984000002197
2019-03-25,0.0,103561.00310000009,136.0,103561.00310000009,-4.8280488891272455e-06,1.0356100309999952,-0.01823498400000223
2019-03-26,28111.9995,75656.50220000009,136.5,103768.5017000001,0.0020036364441125,1.0376850169999952,-0.01615999800000223
2019-03-27,27964.9994,75656.50220000009,136.5,103621.50160000009,-0.0014166158091497572,1.0362150159999952,-0.017629999000002172
2019-03-28,0.0,103621.00160000009,137.0,103621.00160000009,-4.825253371976146e-06,1.0362100159999952,-0.017634999000002205
2019-03-29,28248.001099999998,75549.50250000009,137.5,103797.50360000008,0.001703341960361815,1.037975035999995,-0.01586997900000231
2019-04-01,28582.9987,75549.50250000009,137.5,104132.50120000009,0.0032274148065349895,1.041325011999995,-0.012520003000002333
2019-04-02,28597.0001,75549.50250000009,137.5,104146.5026000001,0.00013445754052443526,1.0414650259999951,-0.012379989000002256
2019-04-03,0.0,104146.0026000001,138.0,104146.0026000001,-4.800929340076365e-06,1.041460025999995,-0.012384989000002289
2019-04-04,28717.999300000003,75503.50130000009,138.5,104221.50060000009,0.000724924606947841,1.042215005999995,-0.011630009000002328
2019-04-05,28857.000699999997,75503.50130000009,138.5,104360.5020000001,0.0013337113666544997,1.043605019999995,-0.010239995000002278
2019-04-08,28879.0009,75503.50130000009,138.5,104382.50220000009,0.0002108096413717675,1.0438250219999952,-0.010019993000002225
2019-04-09,0.0,104382.00220000009,139.0,104382.00220000009,-4.790074863758598e-06,1.0438200219999951,-0.010024993000002258
2019-04-10,28829.0009,75650.50240000008,139.5,104479.50330000008,0.0009340796109005289,1.044795032999995,-0.009049982000002288
2019-04-11,28820.9991,75650.50240000008,139.5,104471.50150000009,-7.658727068238225e-05,1.044715014999995,-0.009130000000002303
2019-04-12,0.0,104471.00150000009,140.0,104471.00150000009,-4.785994197620269e-06,1.044710014999995,-0.009135000000002336
2019-04-15,28997.0001,75454.50110000008,140.5,104451.50120000009,-0.0001866575386472169,1.044515011999995,-0.009330003000002307
2019-04-16,0.0,104451.00120000009,141.0,104451.00120000009,-4.78691061644998e-06,1.044510011999995,-0.00933500300000234
2019-04-17,28945.001200000002,75434.50080000008,141.5,104379.50200000008,-0.0006845238358520467,1.043795019999995,-0.010049995000002365
2019-04-18,29001.998900000002,75434.50080000008,141.5,104436.49970000009,0.0005460621952384503,1.044364996999995,-0.00948001800000231
2019-04-22,29026.998900000002,75434.50080000008,141.5,104461.49970000009,0.00023937991096811828,1.0446149969999952,-0.009230018000002227
2019-04-23,29288.0005,75434.50080000008,141.5,104722.50130000008,0.002498543489702465,1.0472250129999952,-0.006620002000002234
2019-04-24,29223.001099999998,75434.50080000008,141.5,104657.50190000008,-0.0006206822716523508,1.0465750189999952,-0.007269996000002221
2019-04-25,0.0,104657.00190000008,142.0,104657.00190000008,-4.777488387563977e-06,1.0465700189999951,-0.007274996000002254
2019-04-26,29341.0004,75451.50310000007,142.5,104792.50350000008,0.001294720826509721,1.0479250349999951,-0.005919980000002267
2019-04-29,29386.9995,75451.50310000007,142.5,104838.50260000008,0.00043895410896444,1.0483850259999952,-0.005459989000002219
2019-04-30,0.0,104838.00260000008,143.0,104838.00260000008,-4.769240189439472e-06,1.0483800259999951,-0.005464989000002252
2019-05-01,29180.9998,75435.50370000007,143.5,104616.50350000008,-0.002112774895617897,1.0461650349999951,-0.007679980000002251
2019-05-02,29117.999300000003,75435.50370000007,143.5,104553.50300000008,-0.0006022042210577228,1.045535029999995,-0.008309985000002351
2019-05-03,29402.9999,75435.50370000007,143.5,104838.50360000007,0.0027258828429688187,1.0483850359999949,-0.005459979000002502
2019-05-06,29282.000699999997,75435.50370000007,143.5,104717.50440000006,-0.0011541484840499328,1.047175043999995,-0.006669971000002439
2019-05-07,0.0,104717.00440000006,144.0,104717.00440000006,-4.774750915426118e-06,1.047170043999995,-0.006674971000002472
2019-05-08,28752.9999,75923.50510000007,144.5,104676.50500000006,-0.0003867509410916403,1.046765049999995,-0.007079965000002408
2019-05-09,28666.0004,75923.50510000007,144.5,104589.50550000007,-0.0008311272906942335,1.045895054999995,-0.007949960000002365
2019-05-10,28810.0006,75923.50510000007,144.5,104733.50570000007,0.0013768130876190554,1.047335056999995,-0.006509958000002314
2019-05-13,28085.998499999998,75923.50510000007,144.5,104009.50360000007,-0.006912803072531948,1.040095035999995,-0.01374997900000241
2019-05-14,28339.9994,75923.50510000007,144.5,104263.50450000007,0.0024420931858000205,1.042635044999995,-0.011209970000002345
2019-05-15,28505.9998,75923.50510000007,144.5,104429.50490000007,0.0015921237329981075,1.0442950489999951,-0.009549966000002241
2019-05-16,28770.001200000002,75923.50510000007,144.5,104693.50630000007,0.0025280345842182417,1.046935062999995,-0.0069099520000024395
2019-05-17,28583.9996,75923.50510000007,144.5,104507.50470000006,-0.0017766297698256217,1.045075046999995,-0.008769968000002404
2019-05-20,0.0,104507.00470000006,145.0,104507.00470000006,-4.78434540596151e-06,1.045070046999995,-0.008774968000002437
2019-05-21,28651.001000000004,76111.50350000006,145.5,104762.50450000007,0.002444810285525234,1.0476250449999949,-0.006219970000002517
2019-05-22,28563.0005,76111.50350000006,145.5,104674.50400000006,-0.0008399999639184808,1.0467450399999947,-0.007099975000002701
2019-05-23,0.0,104674.00400000006,146.0,104674.00400000006,-4.776712388299131e-06,1.0467400399999947,-0.007104975000002733
2019-05-24,28277.9999,76459.50250000006,146.5,104737.50240000006,0.0006066300855367412,1.0473750239999946,-0.006469991000002784
2019-05-28,28014.9994,76459.50250000006,146.5,104474.50190000006,-0.002511044219820846,1.0447450189999947,-0.009099996000002664
2019-05-29,27826.998900000002,76459.50250000006,146.5,104286.50140000007,-0.0017994869234212452,1.0428650139999947,-0.010980001000002737
2019-05-30,27902.9999,76459.50250000006,146.5,104362.50240000006,0.0007287712118031475,1.0436250239999945,-0.010219991000002926
2019-05-31,27526.998900000002,76459.50250000006,146.5,103986.50140000007,-0.003602836184962821,1.0398650139999945,-0.01398000100000285
2019-06-03,27457.000699999997,76459.50250000006,146.5,103916.50320000006,-0.0006731469859798667,1.0391650319999945,-0.014679983000002839
2019-06-04,28052.9999,76459.50250000006,146.5,104512.50240000006,0.005735366199273617,1.0451250239999943,-0.008719991000003091
2019-06-05,28295.9991,76459.50250000006,146.5,104755.50160000006,0.0023250730239907647,1.0475550159999945,-0.006289999000002933
2019-06-06,28479.998799999998,76459.50250000006,146.5,104939.50130000006,0.0017564681299755414,1.0493950129999945,-0.004450002000002895
2019-06-07,28764.9994,76459.50250000006,146.5,105224.50190000006,0.002715856245449899,1.0522450189999946,-0.0015999960000028235
2019-06-10,28897.0001,76459.50250000006,146.5,105356.50260000007,0.0012544673304839549,1.0535650259999945,-0.0002799890000029226
2019-06-11,28889.9994,76459.50250000006,146.5,105349.50190000006,-6.64477258378593e-05,1.0534950189999945,-0.00034999600000285014
2019-06-12,0.0,105349.00190000006,147.0,105349.00190000006,-4.746106920139326e-06,1.0534900189999945,-0.0003549960000028829
2019-06-13,28957.9987,76509.50040000006,147.5,105467.49910000006,0.0011248061003223953,1.0546749909999944,0.0
2019-06-14,28926.001000000004,76509.50040000006,147.5,105435.50140000007,-0.00030338919831263134,1.0543550139999944,-0.0003199769999999713
2019-06-17,0.0,105435.00140000007,148.0,105435.00140000007,-4.742235711563403e-06,1.0543500139999944,-0.00032497700000000407
2019-06-18,29239.9994,76497.50190000006,148.5,105737.50130000006,0.0028690652627998414,1.0573750129999944,0.0
2019-06-19,29305.9998,76497.50190000006,148.5,105803.50170000007,0.0006241910314557231,1.0580350169999944,0.0
2019-06-20,0.0,105803.00170000007,149.0,105803.00170000007,-4.72574151111349e-06,1.0580300169999943,-5.000000000032756e-06
2019-06-21,29400.0,76216.50320000006,149.5,105616.50320000006,-0.00176269573644805,1.0561650319999945,-0.0018699849999999074
2019-06-24,0.0,105616.00320000006,150.0,105616.00320000006,-4.734108636883505e-06,1.0561600319999944,-0.0018749849999999402
2019-06-25,29076.001000000004,76251.50170000007,150.5,105327.50270000007,-0.0027315983492924856,1.0532750269999946,-0.004759989999999714
2019-06-26,29047.0001,76251.50170000007,150.5,105298.50180000007,-0.00027534024121511624,1.0529850179999947,-0.005049998999999694
2019-06-27,29150.0,76251.50170000007,150.5,105401.50170000007,0.000978170612490059,1.0540150169999947,-0.0040199999999996905
2019-06-28,29300.0,76251.50170000007,150.5,105551.50170000007,0.001423129628901565,1.0555150169999945,-0.0025199999999998557
2019-07-01,29566.0004,76251.50170000007,150.5,105817.50210000007,0.0025201005738035853,1.0581750209999945,0.0
2019-07-02,29642.999300000003,76251.50170000007,150.5,105894.50100000008,0.0007276575091259563,1.0589450099999946,0.0
2019-07-03,0.0,105894.00100000008,151.0,105894.00100000008,-4.721680495922698e-06,1.0589400099999946,-5.000000000032756e-06
2019-07-05,29845.9991,76013.50220000008,151.5,105859.50130000008,-0.00032579465951054765,1.0585950129999946,-0.0003499970000000463
2019-07-08,0.0,105859.00130000008,152.0,105859.00130000008,-4.7232415971709685e-06,1.0585900129999946,-0.00035499700000007905
2019-07-09,29719.0002,76176.50060000009,152.5,105895.50080000008,0.0003447935418978698,1.0589550079999945,0.0
2019-07-10,29860.998499999998,76176.50060000009,152.5,106037.49910000009,0.0013409285467962384,1.0603749909999947,0.0
2019-07-11,29930.9998,76176.50060000009,152.5,106107.50040000009,0.0006601560824628372,1.0610750039999948,0.0
2019-07-12,0.0,106107.00040000009,153.0,106107.00040000009,-4.712202229972817e-06,1.0610700039999947,-5.000000000032756e-06
2019-07-15,30075.0,76041.50100000009,153.5,106116.50100000009,8.95379189327361e-05,1.0611650099999947,0.0
2019-07-16,0.0,106116.00100000009,154.0,106116.00100000009,-4.711802549905997e-06,1.0611600099999947,-5.000000000032756e-06
2019-07-17,29773.998999999996,76137.5011000001,154.5,105911.50010000009,-0.0019271448044861916,1.0591150009999948,-0.0020500089999999638
2019-07-18,29882.9987,76137.5011000001,154.5,106020.49980000009,0.0010291583057278064,1.0602049979999948,-0.0009600119999999546
2019-07-19,29717.0013,76137.5011000001,154.5,105854.5024000001,-0.001565710408016674,1.058545023999995,-0.0026199859999997965
2019-07-22,0.0,105854.0024000001,155.0,105854.0024000001,-4.723464648748177e-06,1.058540023999995,-0.0026249859999998293
2019-07-23,30002.9999,76063.5030000001,155.5,106066.5029000001,0.0020074866814860926,1.0606650289999948,-0.0004999809999999272
2019-07-24,30144.0002,76063.5030000001,155.5,106207.5032000001,0.0013293574893566973,1.0620750319999948,0.0
2019-07-25,30000.0,76063.5030000001,155.5,106063.5030000001,-0.0013558382944830472,1.060635029999995,-0.0014400019999998293
2019-07-26,0.0,106063.0030000001,156.0,106063.0030000001,-4.714156951801662e-06,1.060630029999995,-0.001445001999999862
2019-07-29,30145.9991,75861.5020000001,156.5,106007.5011000001,-0.0005232918023262423,1.0600750109999948,-0.002000020999999963
2019-07-30,0.0,106007.0011000001,157.0,106007.0011000001,-4.716647358127268e-06,1.0600700109999948,-0.0020050209999999957
2019-07-31,29742.999300000003,75934.50100000009,157.5,105677.5003000001,-0.003108292816331626,1.056775002999995,-0.005300028999999817
2019-08-01,29483.9996,75934.50100000009,157.5,105418.50060000009,-0.0024508499847627485,1.0541850059999947,-0.007890026000000105
2019-08-02,29261.9995,75934.50100000009,157.5,105196.5005000001,-0.0021058931661563918,1.0519650049999947,-0.010110027000000077
2019-08-05,28382.000699999997,75934.50100000009,157.5,104316.50170000008,-0.008365285877547035,1.0431650169999944,-0.018910015000000335
2019-08-06,28779.998799999998,75934.50100000009,157.5,104714.49980000009,0.003815293779162676,1.0471449979999947,-0.014930034000000036
2019-08-07,28797.0001,75934.50100000009,157.5,104731.5011000001,0.00016235860394187007,1.0473150109999947,-0.014760021000000068
2019-08-08,0.0,104731.0011000001,158.0,104731.0011000001,-4.7741128003098154e-06,1.0473100109999947,-0.0147650210000001
2019-08-09,29161.9995,75368.50160000009,158.5,104530.5011000001,-0.0019144283726321154,1.0453050109999946,-0.016770021000000135
2019-08-12,0.0,104530.0011000001,159.0,104530.0011000001,-4.78329286413004e-06,1.0453000109999946,-0.016775021000000168
2019-08-13,29254.998799999998,75722.5004000001,159.5,104977.49920000011,0.0042810494144347455,1.0497749919999948,-0.012300039999999957
2019-08-14,28389.9994,75722.5004000001,159.5,104112.4998000001,-0.008239855269861485,1.0411249979999948,-0.02095003399999995
2019-08-15,0.0,104111.9998000001,160.0,104111.9998000001,-4.802497307831999e-06,1.0411199979999948,-0.020955033999999984
2019-08-16,28885.0006,75646.5004000001,160.5,104531.5010000001,0.004029326118083043,1.0453150099999948,-0.01676002199999993
2019-08-19,29232.9987,75646.5004000001,160.5,104879.4991000001,0.003329121811806779,1.0487949909999947,-0.01328004100000002
2019-08-20,29008.9996,75646.5004000001,160.5,104655.5000000001,-0.0021357758372436697,1.0465549999999948,-0.015520031999999961
2019-08-21,0.0,104655.0000000001,161.0,104655.0000000001,-4.77757977368487e-06,1.0465499999999948,-0.015525031999999994
2019-08-22,29235.998499999998,75409.4988000001,161.5,104645.4973000001,-9.080024843532986e-05,1.0464549729999948,-0.015620058999999964
2019-08-23,0.0,104644.9973000001,162.0,104644.9973000001,-4.778036445940437e-06,1.0464499729999948,-0.015625058999999997
2019-08-26,28800.0,76159.4967000001,162.5,104959.4967000001,0.00300539355071483,1.0495949669999947,-0.012480065000000096
2019-08-27,28686.9995,76159.4967000001,162.5,104846.49620000011,-0.0010766105359953926,1.0484649619999948,-0.013610069999999919
2019-08-28,0.0,104845.99620000011,163.0,104845.99620000011,-4.768876577854186e-06,1.0484599619999948,-0.013615069999999951
2019-08-29,29257.9987,75956.49470000011,163.5,105214.49340000011,0.00351465209312396,1.0521449339999946,-0.00993009800000011
2019-08-30,29245.001200000002,75956.49470000011,163.5,105201.49590000011,-0.00012353336104165002,1.0520149589999948,-0.010060073000000003
2019-09-03,0.0,105200.99590000011,164.0,105200.99590000011,-4.752784128370102e-06,1.0520099589999947,-0.010065073000000035
2019-09-04,29404.0009,76126.49690000011,164.5,105530.49780000011,0.0031321176874905543,1.0553049779999948,-0.00677005399999997
2019-09-05,29782.000699999997,76126.49690000011,164.5,105908.49760000012,0.0035819010416910935,1.0590849759999947,-0.0029900560000000187
2019-09-06,29804.998799999998,76126.49690000011,164.5,105931.49570000012,0.00021715065855110183,1.0593149569999947,-0.002760075000000084
2019-09-09,0.0,105930.99570000012,165.0,105930.99570000012,-4.720031532623459e-06,1.0593099569999946,-0.0027650750000001167
2019-09-10,29813.0005,76110.49450000012,165.5,105923.49500000011,-7.08074152464544e-05,1.0592349499999947,-0.002840082000000077
2019-09-11,30025.0,76110.49450000012,165.5,106135.49450000012,0.0020014398127630173,1.0613549449999946,-0.0007200870000001469
2019-09-12,30129.0009,76110.49450000012,165.5,106239.49540000012,0.0009798880241709274,1.0623949539999946,0.0
2019-09-13,0.0,106238.99540000012,166.0,106238.99540000012,-4.7063476545927685e-06,1.0623899539999946,-5.000000000032756e-06
2019-09-16,0.0,106238.99540000012,166.0,106238.99540000012,0.0,1.0623899539999946,-5.000000000032756e-06
2019-09-17,30092.0013,76222.49500000011,166.5,106314.49630000012,0.0007106703119295066,1.0631449629999945,0.0
2019-09-18,30110.0006,76222.49500000011,166.5,106332.49560000011,0.00016930240584689393,1.0633249559999944,0.0
2019-09-19,0.0,106331.99560000011,167.0,106331.99560000011,-4.702231403252988e-06,1.0633199559999944,-5.000000000032756e-06
2019-09-20,29827.9999,76223.49690000011,167.5,106051.49680000011,-0.0026379529361527654,1.0605149679999943,-0.0028099880000000965
2019-09-23,29820.9991,76223.49690000011,167.5,106044.49600000012,-6.601321255461645e-05,1.0604449599999943,-0.002879996000000107
2019-09-24,29586.9995,76223.49690000011,167.5,105810.49640000012,-0.0022066171166488235,1.0581049639999944,-0.005219992000000007
2019-09-25,29761.9995,76223.49690000011,167.5,105985.49640000012,0.001653900189055424,1.0598549639999946,-0.0034699919999998663
2019-09-26,29700.0,76223.49690000011,167.5,105923.49690000011,-0.0005849809842471965,1.0592349689999945,-0.004089986999999962
2019-09-27,0.0,105922.99690000011,168.0,105922.99690000011,-4.7203879651736e-06,1.0592299689999944,-0.004094986999999994
2019-09-30,29676.998900000002,76382.49750000011,168.5,106059.49640000012,0.0012886672771246221,1.0605949639999945,-0.0027299919999999034
2019-10-01,29323.998999999996,76382.49750000011,168.5,105706.49650000011,-0.003328319594019913,1.0570649649999946,-0.006259990999999854
2019-10-02,0.0,105705.99650000011,169.0,105705.99650000011,-4.730078250192449e-06,1.0570599649999946,-0.0062649909999998865
2019-10-03,29042.0013,76899.4967000001,169.5,105941.49800000011,0.002227891584182684,1.0594149799999946,-0.003909975999999871
2019-10-04,29435.0006,76899.4967000001,169.5,106334.4973000001,0.0037095879086022077,1.0633449729999946,0.0
2019-10-07,29307.9987,76899.4967000001,169.5,106207.4954000001,-0.0011943621611497646,1.0620749539999945,-0.0012700190000001221
2019-10-08,0.0,106206.9954000001,170.0,106206.9954000001,-4.707765662970154e-06,1.0620699539999945,-0.0012750190000001549
2019-10-09,29126.998900000002,77353.4955000001,170.5,106480.49440000011,0.002575150525348624,1.0648049439999945,0.0
2019-10-10,29323.998999999996,77353.4955000001,170.5,106677.4945000001,0.0018501050460937307,1.0667749449999944,0.0
2019-10-11,29627.9999,77353.4955000001,170.5,106981.4954000001,0.00284971915983645,1.0698149539999944,0.0
2019-10-14,29595.001200000002,77353.4955000001,170.5,106948.4967000001,-0.0003084524092378249,1.0694849669999944,-0.00032998699999997605
2019-10-15,0.0,106947.9967000001,171.0,106947.9967000001,-4.675147528332424e-06,1.0694799669999944,-0.0003349870000000088
2019-10-16,29839.9994,77059.49620000011,171.5,106899.49560000011,-0.0004535017157548671,1.0689949559999945,-0.0008199979999998774
2019-10-17,0.0,106898.99560000011,172.0,106898.99560000011,-4.677290544652379e-06,1.0689899559999945,-0.0008249979999999102
2019-10-18,29797.0001,76970.49570000012,172.5,106767.49580000012,-0.0012301312960136812,1.0676749579999947,-0.0021399959999997
2019-10-21,0.0,106766.99580000012,173.0,106766.99580000012,-4.683073216771305e-06,1.0676699579999946,-0.0021449959999997326
2019-10-22,29901.001000000004,76767.49680000012,173.5,106668.49780000013,-0.0009225510117799596,1.0666849779999947,-0.0031299759999996457
2019-10-23,0.0,106667.99780000013,174.0,106667.99780000013,-4.687419531634873e-06,1.0666799779999947,-0.0031349759999996785
2019-10-24,30036.9995,76679.49730000013,174.5,106716.49680000014,0.0004546724509719713,1.0671649679999946,-0.002649985999999771
2019-10-25,0.0,106715.99680000014,175.0,106715.99680000014,-4.685311221774846e-06,1.0671599679999946,-0.0026549859999998038
2019-10-28,30329.998799999998,76555.49620000014,175.5,106885.49500000014,0.0015883110787753285,1.0688549499999944,-0.0009600039999999588
2019-10-29,30320.9991,76555.49620000014,175.5,106876.49530000014,-8.419945101068027e-05,1.0687649529999943,-0.0010500010000000781
2019-10-30,0.0,106875.99530000014,176.0,106875.99530000014,-4.678297118476671e-06,1.0687599529999943,-0.0010550010000001109
2019-10-31,30332.9987,76461.49380000014,176.5,106794.49250000014,-0.0007625921964162785,1.0679449249999942,-0.0018700290000002173
2019-11-01,0.0,106793.99250000014,177.0,106793.99250000014,-4.68188937741143e-06,1.0679399249999941,-0.00187502900000025
2019-11-04,30736.9995,76179.49100000014,177.5,106916.49050000015,0.0011470495402632341,1.069164904999994,-0.000650049000000319
2019-11-05,30702.9999,76179.49100000014,177.5,106882.49090000014,-0.00031800145927918244,1.068824908999994,-0.000990045000000439
2019-11-06,0.0,106881.99090000014,178.0,106881.99090000014,-4.67803468828798e-06,1.068819908999994,-0.0009950450000004718
2019-11-07,30817.999300000003,76171.49030000014,178.5,106989.48960000015,0.0010057700001171455,1.069894895999994,0.0
2019-11-08,30894.0002,76171.49030000014,178.5,107065.49050000013,0.0007103585621739406,1.0706549049999938,0.0
2019-11-11,0.0,107064.99050000013,179.0,107064.99050000013,-4.670038848741953e-06,1.0706499049999938,-5.000000000032756e-06
2019-11-12,0.0,107064.99050000013,179.0,107064.99050000013,0.0,1.0706499049999938,-5.000000000032756e-06
2019-11-13,30910.0006,76164.49050000013,179.5,107074.49110000013,8.873675657783409e-05,1.0707449109999938,0.0
2019-11-14,0.0,107073.99110000013,180.0,107073.99110000013,-4.6696462888684565e-06,1.0707399109999938,-5.000000000032756e-06
2019-11-15,31179.0009,76118.49230000013,180.5,107297.49320000013,0.0020873612508873762,1.0729749319999937,0.0
2019-11-18,31201.998900000002,76118.49230000013,180.5,107320.49120000013,0.00021433865148301479,1.0732049119999936,0.0
2019-11-19,0.0,107319.99120000013,181.0,107319.99120000013,-4.6589425226617465e-06,1.0731999119999935,-5.000000000032756e-06
2019-11-20,31076.998900000002,76126.49190000014,181.5,107203.49080000015,-0.00108554239240366,1.0720349079999936,-0.0011700040000000023
2019-11-21,31026.998900000002,76126.49190000014,181.5,107153.49080000015,-0.0004664027227739842,1.0715349079999936,-0.0016700039999999472
2019-11-22,31095.9991,76126.49190000014,181.5,107222.49100000014,0.0006439379574556536,1.0722249099999936,-0.0009800019999999243
2019-11-25,31336.9995,76126.49190000014,181.5,107463.49140000014,0.002247666490046374,1.0746349139999936,0.0
2019-11-26,31407.9987,76126.49190000014,181.5,107534.49060000014,0.0006606820518766376,1.0753449059999933,0.0
2019-11-27,0.0,107533.99060000014,182.0,107533.99060000014,-4.649670977241449e-06,1.0753399059999933,-5.000000000032756e-06
2019-11-29,31430.9998,75985.48950000014,182.5,107416.48930000015,-0.0010926898494547643,1.0741648929999934,-0.0011800129999999243
2019-12-02,0.0,107415.98930000015,183.0,107415.98930000015,-4.6547788263850975e-06,1.0741598929999934,-0.001185012999999957
2019-12-03,30954.998799999998,76251.48780000015,183.5,107206.48660000015,-0.0019503865426857558,1.0720648659999934,-0.0032800399999999286
2019-12-04,31145.9991,76251.48780000015,183.5,107397.48690000015,0.0017816114123079263,1.0739748689999933,-0.0013700370000000461
2019-12-05,31201.998900000002,76251.48780000015,183.5,107453.48670000015,0.0005214256088892366,1.0745348669999932,-0.0008100390000000957
2019-12-06,0.0,107452.98670000015,184.0,107452.98670000015,-4.653176135627213e-06,1.0745298669999932,-0.0008150390000001284
2019-12-09,31388.0005,75965.48720000015,184.5,107353.48770000014,-0.0009259770533676104,1.073534876999993,-0.0018100290000002683
2019-12-10,0.0,107352.98770000014,185.0,107352.98770000014,-4.657510535688303e-06,1.073529876999993,-0.001815029000000301
2019-12-11,31442.0013,75999.48780000015,185.5,107441.48910000015,0.0008243962454712594,1.074414890999993,-0.0009300150000002283
2019-12-12,31713.0005,75999.48780000015,185.5,107712.48830000014,0.00252229564454165,1.077124882999993,0.0
2019-12-13,31732.000699999997,75999.48780000015,185.5,107731.48850000015,0.00017639737322827642,1.0773148849999932,0.0
2019-12-16,0.0,107730.98850000015,186.0,107730.98850000015,-4.641168584562649e-06,1.0773098849999931,-5.000000000032756e-06
2019-12-17,31957.000699999997,75780.48850000015,186.5,107737.48920000016,6.0341969293276065e-05,1.0773748919999933,0.0
2019-12-18,0.0,107736.98920000016,187.0,107736.98920000016,-4.640910083453242e-06,1.0773698919999932,-5.000000000032756e-06
2019-12-19,32089.9994,75777.48960000016,187.5,107867.48900000016,0.0012112812968789743,1.0786748899999934,0.0
2019-12-20,32073.001099999998,75777.48960000016,187.5,107850.49070000015,-0.00015758501618601262,1.0785049069999932,-0.0001699830000001512
2019-12-23,32122.0001,75777.48960000016,187.5,107899.48970000017,0.0004543233849190198,1.0789948969999932,0.0
2019-12-24,0.0,107898.98970000017,188.0,107898.98970000017,-4.633942212284303e-06,1.0789898969999931,-5.000000000032756e-06
2019-12-26,32294.0002,75775.48860000017,188.5,108069.48880000017,0.0015801732757094733,1.0806948879999931,0.0
2019-12-27,32285.998499999998,75775.48860000017,188.5,108061.48710000017,-7.404217498241383e-05,1.0806148709999932,-8.001699999993228e-05
2019-12-30,0.0,108060.98710000017,189.0,108060.98710000017,-4.626995365519804e-06,1.0806098709999932,-8.501699999996504e-05
2019-12-31,32185.998499999998,75952.48840000018,189.5,108138.48690000018,0.0007171857492684897,1.0813848689999932,0.0
2019-12-31,32185.998499999998,75952.48840000018,189.5,108138.48690000018,0.0,1.0813848689999932,0.0
