datetime,equity,cash,positions_value,positions,return,return_cum
2019-01-02,10000.0,10000.0,0.0,{},0.0,0.0
2019-01-03,10000.0,10000.0,0.0,{},0.0,0.0
2019-01-04,10329.779,14.534,10315.246,{'SPY': 44},3.298,3.298
2019-01-07,10318.459,10318.459,0.0,{'SPY': 0},-0.11,3.185
2019-01-08,10318.459,10318.459,0.0,{'SPY': 0},0.0,3.185
2019-01-09,10318.459,10318.459,0.0,{'SPY': 0},0.0,3.185
2019-01-10,10318.459,10318.459,0.0,{'SPY': 0},0.0,3.185
2019-01-11,10318.459,10318.459,0.0,{'SPY': 0},0.0,3.185
2019-01-14,10318.459,10318.459,0.0,{'SPY': 0},0.0,3.185
2019-01-15,10318.459,10318.459,0.0,{'SPY': 0},0.0,3.185
2019-01-16,10318.459,10318.459,0.0,{'SPY': 0},0.0,3.185
2019-01-17,10318.459,10318.459,0.0,{'SPY': 0},0.0,3.185
2019-01-18,10318.459,10318.459,0.0,{'SPY': 0},0.0,3.185
2019-01-22,10318.459,10318.459,0.0,{'SPY': 0},0.0,3.185
2019-01-23,10318.459,10318.459,0.0,{'SPY': 0},0.0,3.185
2019-01-24,10318.459,10318.459,0.0,{'SPY': 0},0.0,3.185
2019-01-25,10318.459,10318.459,0.0,{'SPY': 0},0.0,3.185
2019-01-28,10318.459,10318.459,0.0,{'SPY': 0},0.0,3.185
2019-01-29,10318.459,10318.459,0.0,{'SPY': 0},0.0,3.185
2019-01-30,10318.459,10318.459,0.0,{'SPY': 0},0.0,3.185
2019-01-31,10318.459,10318.459,0.0,{'SPY': 0},0.0,3.185
2019-02-01,10318.459,10318.459,0.0,{'SPY': 0},0.0,3.185
2019-02-04,10318.459,10318.459,0.0,{'SPY': 0},0.0,3.185
2019-02-05,10318.459,10318.459,0.0,{'SPY': 0},0.0,3.185
2019-02-06,10318.459,10318.459,0.0,{'SPY': 0},0.0,3.185
2019-02-07,10318.459,10318.459,0.0,{'SPY': 0},0.0,3.185
2019-02-08,10318.459,10318.459,0.0,{'SPY': 0},0.0,3.185
2019-02-11,10318.459,10318.459,0.0,{'SPY': 0},0.0,3.185
2019-02-12,10318.459,10318.459,0.0,{'SPY': 0},0.0,3.185
2019-02-13,10318.459,10318.459,0.0,{'SPY': 0},0.0,3.185
2019-02-14,10318.459,10318.459,0.0,{'SPY': 0},0.0,3.185
2019-02-15,10318.459,10318.459,0.0,{'SPY': 0},0.0,3.185
2019-02-19,10318.459,10318.459,0.0,{'SPY': 0},0.0,3.185
2019-02-20,10318.459,10318.459,0.0,{'SPY': 0},0.0,3.185
2019-02-21,10318.459,10318.459,0.0,{'SPY': 0},0.0,3.185
2019-02-22,10318.459,10318.459,0.0,{'SPY': 0},0.0,3.185
2019-02-25,10318.459,10318.459,0.0,{'SPY': 0},0.0,3.185
2019-02-26,10299.009,182.869,10116.14,{'SPY': 39},-0.189,2.99
2019-02-27,10295.027,182.869,10112.158,{'SPY': 39},-0.039,2.95
2019-02-28,10283.917,10283.917,0.0,{'SPY': 0},-0.108,2.839
2019-03-01,10343.444,185.656,10157.788,{'SPY': 39},0.579,3.434
2019-03-04,10332.284,10332.284,0.0,{'SPY': 0},-0.108,3.323
2019-03-05,10332.284,10332.284,0.0,{'SPY': 0},0.0,3.323
2019-03-06,10332.284,10332.284,0.0,{'SPY': 0},0.0,3.323
2019-03-07,10238.528,21.228,10217.3,{'SPY': 40},-0.907,2.385
2019-03-08,10217.912,21.228,10196.684,{'SPY': 40},-0.201,2.179
2019-03-11,10206.712,10206.712,0.0,{'SPY': 0},-0.11,2.067
2019-03-12,10206.712,10206.712,0.0,{'SPY': 0},0.0,2.067
2019-03-13,10206.712,10206.712,0.0,{'SPY': 0},0.0,2.067
2019-03-14,10206.712,10206.712,0.0,{'SPY': 0},0.0,2.067
2019-03-15,10206.712,10206.712,0.0,{'SPY': 0},0.0,2.067
2019-03-18,10206.712,10206.712,0.0,{'SPY': 0},0.0,2.067
2019-03-19,10206.712,10206.712,0.0,{'SPY': 0},0.0,2.067
2019-03-20,10206.712,10206.712,0.0,{'SPY': 0},0.0,2.067
2019-03-21,10206.712,10206.712,0.0,{'SPY': 0},0.0,2.067
2019-03-22,10206.712,10206.712,0.0,{'SPY': 0},0.0,2.067
2019-03-25,10187.549,38.127,10149.422,{'SPY': 39},-0.188,1.875
2019-03-26,10260.3,38.127,10222.173,{'SPY': 39},0.714,2.603
2019-03-27,10212.65,38.127,10174.523,{'SPY': 39},-0.464,2.126
2019-03-28,10251.205,38.127,10213.078,{'SPY': 39},0.378,2.512
2019-03-29,10318.133,38.127,10280.006,{'SPY': 39},0.653,3.181
2019-04-01,10306.853,10306.853,0.0,{'SPY': 0},-0.109,3.069
2019-04-02,10306.853,10306.853,0.0,{'SPY': 0},0.0,3.069
2019-04-03,10306.853,10306.853,0.0,{'SPY': 0},0.0,3.069
2019-04-04,10306.853,10306.853,0.0,{'SPY': 0},0.0,3.069
2019-04-05,10306.853,10306.853,0.0,{'SPY': 0},0.0,3.069
2019-04-08,10306.853,10306.853,0.0,{'SPY': 0},0.0,3.069
2019-04-09,10306.853,10306.853,0.0,{'SPY': 0},0.0,3.069
2019-04-10,10306.853,10306.853,0.0,{'SPY': 0},0.0,3.069
2019-04-11,10306.853,10306.853,0.0,{'SPY': 0},0.0,3.069
2019-04-12,10306.853,10306.853,0.0,{'SPY': 0},0.0,3.069
2019-04-15,10306.853,10306.853,0.0,{'SPY': 0},0.0,3.069
2019-04-16,10306.853,10306.853,0.0,{'SPY': 0},0.0,3.069
2019-04-17,10306.853,10306.853,0.0,{'SPY': 0},0.0,3.069
2019-04-18,10306.853,10306.853,0.0,{'SPY': 0},0.0,3.069
2019-04-22,10306.853,10306.853,0.0,{'SPY': 0},0.0,3.069
2019-04-23,10306.853,10306.853,0.0,{'SPY': 0},0.0,3.069
2019-04-24,10306.853,10306.853,0.0,{'SPY': 0},0.0,3.069
2019-04-25,10290.597,211.319,10079.277,{'SPY': 37},-0.158,2.906
2019-04-26,10337.528,211.319,10126.208,{'SPY': 37},0.456,3.375
2019-04-29,10326.398,10326.398,0.0,{'SPY': 0},-0.108,3.264
2019-04-30,10326.398,10326.398,0.0,{'SPY': 0},0.0,3.264
2019-05-01,10326.398,10326.398,0.0,{'SPY': 0},0.0,3.264
2019-05-02,10295.655,244.331,10051.324,{'SPY': 37},-0.298,2.957
2019-05-03,10390.556,244.331,10146.225,{'SPY': 37},0.922,3.906
2019-05-06,10379.406,10379.406,0.0,{'SPY': 0},-0.107,3.794
2019-05-07,10379.406,10379.406,0.0,{'SPY': 0},0.0,3.794
2019-05-08,10379.406,10379.406,0.0,{'SPY': 0},0.0,3.794
2019-05-09,10379.406,10379.406,0.0,{'SPY': 0},0.0,3.794
2019-05-10,10379.406,10379.406,0.0,{'SPY': 0},0.0,3.794
2019-05-13,10379.406,10379.406,0.0,{'SPY': 0},0.0,3.794
2019-05-14,10379.406,10379.406,0.0,{'SPY': 0},0.0,3.794
2019-05-15,10379.406,10379.406,0.0,{'SPY': 0},0.0,3.794
2019-05-16,10379.406,10379.406,0.0,{'SPY': 0},0.0,3.794
2019-05-17,10379.406,10379.406,0.0,{'SPY': 0},0.0,3.794
2019-05-20,10379.406,10379.406,0.0,{'SPY': 0},0.0,3.794
2019-05-21,10379.406,10379.406,0.0,{'SPY': 0},0.0,3.794
2019-05-22,10379.406,10379.406,0.0,{'SPY': 0},0.0,3.794
2019-05-23,10379.406,10379.406,0.0,{'SPY': 0},0.0,3.794
2019-05-24,10379.406,10379.406,0.0,{'SPY': 0},0.0,3.794
2019-05-28,10379.406,10379.406,0.0,{'SPY': 0},0.0,3.794
2019-05-29,10300.563,176.237,10124.326,{'SPY': 39},-0.76,3.006
2019-05-30,10326.388,176.237,10150.152,{'SPY': 39},0.251,3.264
2019-05-31,10192.533,176.237,10016.296,{'SPY': 39},-1.296,1.925
2019-06-03,10163.798,176.237,9987.561,{'SPY': 39},-0.282,1.638
2019-06-04,10379.858,176.237,10203.621,{'SPY': 39},2.126,3.799
2019-06-05,10368.658,10368.658,0.0,{'SPY': 0},-0.108,3.687
2019-06-06,10368.658,10368.658,0.0,{'SPY': 0},0.0,3.687
2019-06-07,10368.658,10368.658,0.0,{'SPY': 0},0.0,3.687
2019-06-10,10368.658,10368.658,0.0,{'SPY': 0},0.0,3.687
2019-06-11,10355.647,117.014,10238.633,{'SPY': 38},-0.125,3.556
2019-06-12,10336.863,117.014,10219.849,{'SPY': 38},-0.181,3.369
2019-06-13,10382.581,117.014,10265.567,{'SPY': 38},0.442,3.826
2019-06-14,10366.279,117.014,10249.265,{'SPY': 38},-0.157,3.663
2019-06-17,10375.141,117.014,10258.127,{'SPY': 38},0.085,3.751
2019-06-18,10476.148,117.014,10359.134,{'SPY': 38},0.974,4.761
2019-06-19,10503.083,117.014,10386.069,{'SPY': 38},0.257,5.031
2019-06-20,10601.963,117.014,10484.949,{'SPY': 38},0.941,6.02
2019-06-21,10590.483,10590.483,0.0,{'SPY': 0},-0.108,5.905
2019-06-24,10563.341,105.757,10457.585,{'SPY': 38},-0.256,5.633
2019-06-25,10461.843,105.757,10356.087,{'SPY': 38},-0.961,4.618
2019-06-26,10450.447,105.757,10344.691,{'SPY': 38},-0.109,4.504
2019-06-27,10488.554,105.757,10382.797,{'SPY': 38},0.365,4.886
2019-06-28,10543.399,105.757,10437.642,{'SPY': 38},0.523,5.434
2019-07-01,10633.501,105.757,10527.744,{'SPY': 38},0.855,6.335
2019-07-02,10663.772,105.757,10558.015,{'SPY': 38},0.285,6.638
2019-07-03,10652.212,10652.212,0.0,{'SPY': 0},-0.108,6.522
2019-07-05,10652.212,10652.212,0.0,{'SPY': 0},0.0,6.522
2019-07-08,10652.212,10652.212,0.0,{'SPY': 0},0.0,6.522
2019-07-09,10652.212,10652.212,0.0,{'SPY': 0},0.0,6.522
2019-07-10,10652.212,10652.212,0.0,{'SPY': 0},0.0,6.522
2019-07-11,10652.212,10652.212,0.0,{'SPY': 0},0.0,6.522
2019-07-12,10652.212,10652.212,0.0,{'SPY': 0},0.0,6.522
2019-07-15,10652.212,10652.212,0.0,{'SPY': 0},0.0,6.522
2019-07-16,10652.212,10652.212,0.0,{'SPY': 0},0.0,6.522
2019-07-17,10652.212,10652.212,0.0,{'SPY': 0},0.0,6.522
2019-07-18,10679.072,35.94,10643.131,{'SPY': 38},0.252,6.791
2019-07-19,10667.432,10667.432,0.0,{'SPY': 0},-0.109,6.674
2019-07-22,10684.34,74.33,10610.01,{'SPY': 38},0.159,6.843
2019-07-23,10756.992,74.33,10682.663,{'SPY': 38},0.68,7.57
2019-07-24,10745.312,10745.312,0.0,{'SPY': 0},-0.109,7.453
2019-07-25,10745.312,10745.312,0.0,{'SPY': 0},0.0,7.453
2019-07-26,10745.312,10745.312,0.0,{'SPY': 0},0.0,7.453
2019-07-29,10745.312,10745.312,0.0,{'SPY': 0},0.0,7.453
2019-07-30,10745.312,10745.312,0.0,{'SPY': 0},0.0,7.453
2019-07-31,10745.312,10745.312,0.0,{'SPY': 0},0.0,7.453
2019-08-01,10745.312,10745.312,0.0,{'SPY': 0},0.0,7.453
2019-08-02,10658.31,232.064,10426.246,{'SPY': 38},-0.81,6.583
2019-08-05,10347.759,232.064,10115.695,{'SPY': 38},-2.914,3.478
2019-08-06,10480.599,232.064,10248.535,{'SPY': 38},1.284,4.806
2019-08-07,10469.349,10469.349,0.0,{'SPY': 0},-0.107,4.693
2019-08-08,10469.349,10469.349,0.0,{'SPY': 0},0.0,4.693
2019-08-09,10469.349,10469.349,0.0,{'SPY': 0},0.0,4.693
2019-08-12,10469.349,10469.349,0.0,{'SPY': 0},0.0,4.693
2019-08-13,10469.349,10469.349,0.0,{'SPY': 0},0.0,4.693
2019-08-14,10469.349,10469.349,0.0,{'SPY': 0},0.0,4.693
2019-08-15,10486.116,80.459,10405.656,{'SPY': 39},0.16,4.861
2019-08-16,10638.898,80.459,10558.439,{'SPY': 39},1.457,6.389
2019-08-19,10627.338,10627.338,0.0,{'SPY': 0},-0.109,6.273
2019-08-20,10627.338,10627.338,0.0,{'SPY': 0},0.0,6.273
2019-08-21,10702.728,14.169,10688.558,{'SPY': 39},0.709,7.027
2019-08-22,10698.34,14.169,10684.171,{'SPY': 39},-0.041,6.983
2019-08-23,10424.209,14.169,10410.04,{'SPY': 39},-2.562,4.242
2019-08-26,10539.712,14.169,10525.542,{'SPY': 39},1.108,5.397
2019-08-27,10528.182,10528.182,0.0,{'SPY': 0},-0.109,5.282
2019-08-28,10528.182,10528.182,0.0,{'SPY': 0},0.0,5.282
2019-08-29,10528.182,10528.182,0.0,{'SPY': 0},0.0,5.282
2019-08-30,10528.182,10528.182,0.0,{'SPY': 0},0.0,5.282
2019-09-03,10528.182,10528.182,0.0,{'SPY': 0},0.0,5.282
2019-09-04,10528.182,10528.182,0.0,{'SPY': 0},0.0,5.282
2019-09-05,10528.182,10528.182,0.0,{'SPY': 0},0.0,5.282
2019-09-06,10528.182,10528.182,0.0,{'SPY': 0},0.0,5.282
2019-09-09,10528.182,10528.182,0.0,{'SPY': 0},0.0,5.282
2019-09-10,10528.182,10528.182,0.0,{'SPY': 0},0.0,5.282
2019-09-11,10528.182,10528.182,0.0,{'SPY': 0},0.0,5.282
2019-09-12,10528.182,10528.182,0.0,{'SPY': 0},0.0,5.282
2019-09-13,10528.182,10528.182,0.0,{'SPY': 0},0.0,5.282
2019-09-16,10528.182,10528.182,0.0,{'SPY': 0},0.0,5.282
2019-09-17,10528.182,10528.182,0.0,{'SPY': 0},0.0,5.282
2019-09-18,10528.182,10528.182,0.0,{'SPY': 0},0.0,5.282
2019-09-19,10528.182,10528.182,0.0,{'SPY': 0},0.0,5.282
2019-09-20,10462.87,77.055,10385.815,{'SPY': 37},-0.62,4.629
2019-09-23,10467.051,77.055,10389.996,{'SPY': 37},0.04,4.671
2019-09-24,10382.047,77.055,10304.992,{'SPY': 37},-0.812,3.82
2019-09-25,10444.407,77.055,10367.352,{'SPY': 37},0.601,4.444
2019-09-26,10433.036,10433.036,0.0,{'SPY': 0},-0.109,4.33
2019-09-27,10433.036,10433.036,0.0,{'SPY': 0},0.0,4.33
2019-09-30,10433.036,10433.036,0.0,{'SPY': 0},0.0,4.33
2019-10-01,10433.036,10433.036,0.0,{'SPY': 0},0.0,4.33
2019-10-02,10241.722,207.407,10034.315,{'SPY': 37},-1.834,2.417
2019-10-03,10322.888,207.407,10115.482,{'SPY': 37},0.793,3.229
2019-10-04,10311.768,10311.768,0.0,{'SPY': 0},-0.108,3.118
2019-10-07,10311.768,10311.768,0.0,{'SPY': 0},0.0,3.118
2019-10-08,10141.706,89.624,10052.082,{'SPY': 37},-1.649,1.417
2019-10-09,10235.065,89.624,10145.441,{'SPY': 37},0.921,2.351
2019-10-10,10305.087,89.624,10215.463,{'SPY': 37},0.684,3.051
2019-10-11,10410.293,89.624,10320.669,{'SPY': 37},1.021,4.103
2019-10-14,10401.587,89.624,10311.963,{'SPY': 37},-0.084,4.016
2019-10-15,10502.264,89.624,10412.64,{'SPY': 37},0.968,5.023
2019-10-16,10485.192,89.624,10395.568,{'SPY': 37},-0.163,4.852
2019-10-17,10514.108,89.624,10424.484,{'SPY': 37},0.276,5.141
2019-10-18,10470.215,89.624,10380.59,{'SPY': 37},-0.417,4.702
2019-10-21,10542.324,89.624,10452.7,{'SPY': 37},0.689,5.423
2019-10-22,10530.874,10530.874,0.0,{'SPY': 0},-0.109,5.309
2019-10-23,10548.366,102.285,10446.08,{'SPY': 37},0.166,5.484
2019-10-24,10536.916,10536.916,0.0,{'SPY': 0},-0.109,5.369
2019-10-25,10536.916,10536.916,0.0,{'SPY': 0},0.0,5.369
2019-10-28,10536.916,10536.916,0.0,{'SPY': 0},0.0,5.369
2019-10-29,10536.916,10536.916,0.0,{'SPY': 0},0.0,5.369
2019-10-30,10536.916,10536.916,0.0,{'SPY': 0},0.0,5.369
2019-10-31,10536.916,10536.916,0.0,{'SPY': 0},0.0,5.369
2019-11-01,10536.916,10536.916,0.0,{'SPY': 0},0.0,5.369
2019-11-04,10536.916,10536.916,0.0,{'SPY': 0},0.0,5.369
2019-11-05,10536.916,10536.916,0.0,{'SPY': 0},0.0,5.369
2019-11-06,10536.916,10536.916,0.0,{'SPY': 0},0.0,5.369
2019-11-07,10536.916,10536.916,0.0,{'SPY': 0},0.0,5.369
2019-11-08,10536.916,10536.916,0.0,{'SPY': 0},0.0,5.369
2019-11-11,10536.916,10536.916,0.0,{'SPY': 0},0.0,5.369
2019-11-12,10536.916,10536.916,0.0,{'SPY': 0},0.0,5.369
2019-11-13,10536.916,10536.916,0.0,{'SPY': 0},0.0,5.369
2019-11-14,10536.916,10536.916,0.0,{'SPY': 0},0.0,5.369
2019-11-15,10536.916,10536.916,0.0,{'SPY': 0},0.0,5.369
2019-11-18,10536.916,10536.916,0.0,{'SPY': 0},0.0,5.369
2019-11-19,10536.916,10536.916,0.0,{'SPY': 0},0.0,5.369
2019-11-20,10536.916,10536.916,0.0,{'SPY': 0},0.0,5.369
2019-11-21,10536.916,10536.916,0.0,{'SPY': 0},0.0,5.369
2019-11-22,10536.916,10536.916,0.0,{'SPY': 0},0.0,5.369
2019-11-25,10536.916,10536.916,0.0,{'SPY': 0},0.0,5.369
2019-11-26,10536.916,10536.916,0.0,{'SPY': 0},0.0,5.369
2019-11-27,10536.916,10536.916,0.0,{'SPY': 0},0.0,5.369
2019-11-29,10536.916,10536.916,0.0,{'SPY': 0},0.0,5.369
2019-12-02,10437.573,169.269,10268.304,{'SPY': 35},-0.943,4.376
2019-12-03,10367.38,169.269,10198.111,{'SPY': 35},-0.672,3.674
2019-12-04,10356.18,10356.18,0.0,{'SPY': 0},-0.108,3.562
2019-12-05,10356.18,10356.18,0.0,{'SPY': 0},0.0,3.562
2019-12-06,10356.18,10356.18,0.0,{'SPY': 0},0.0,3.562
2019-12-09,10356.18,10356.18,0.0,{'SPY': 0},0.0,3.562
2019-12-10,10334.295,1.735,10332.56,{'SPY': 35},-0.211,3.343
2019-12-11,10362.638,1.735,10360.903,{'SPY': 35},0.274,3.626
2019-12-12,10452.598,1.735,10450.864,{'SPY': 35},0.868,4.526
2019-12-13,10457.211,1.735,10455.476,{'SPY': 35},0.044,4.572
2019-12-16,10530.701,1.735,10528.966,{'SPY': 35},0.703,5.307
2019-12-17,10532.346,1.735,10530.611,{'SPY': 35},0.016,5.323
2019-12-18,10532.675,1.735,10530.94,{'SPY': 35},0.003,5.327
2019-12-19,10576.834,1.735,10575.099,{'SPY': 35},0.419,5.768
2019-12-20,10565.254,10565.254,0.0,{'SPY': 0},-0.109,5.653
2019-12-23,10565.254,10565.254,0.0,{'SPY': 0},0.0,5.653
2019-12-24,10565.254,10565.254,0.0,{'SPY': 0},0.0,5.653
2019-12-26,10565.254,10565.254,0.0,{'SPY': 0},0.0,5.653
2019-12-27,10565.254,10565.254,0.0,{'SPY': 0},0.0,5.653
2019-12-30,10565.254,10565.254,0.0,{'SPY': 0},0.0,5.653
2019-12-31,10565.254,10565.254,0.0,{'SPY': 0},0.0,5.653
2020-01-02,10565.254,10565.254,0.0,{'SPY': 0},0.0,5.653
2020-01-03,10565.254,10565.254,0.0,{'SPY': 0},0.0,5.653
2020-01-06,10565.254,10565.254,0.0,{'SPY': 0},0.0,5.653
2020-01-07,10565.254,10565.254,0.0,{'SPY': 0},0.0,5.653
2020-01-08,10565.254,10565.254,0.0,{'SPY': 0},0.0,5.653
2020-01-09,10565.254,10565.254,0.0,{'SPY': 0},0.0,5.653
2020-01-10,10565.254,10565.254,0.0,{'SPY': 0},0.0,5.653
2020-01-13,10565.254,10565.254,0.0,{'SPY': 0},0.0,5.653
2020-01-14,10565.254,10565.254,0.0,{'SPY': 0},0.0,5.653
2020-01-15,10565.254,10565.254,0.0,{'SPY': 0},0.0,5.653
2020-01-16,10565.254,10565.254,0.0,{'SPY': 0},0.0,5.653
2020-01-17,10565.254,10565.254,0.0,{'SPY': 0},0.0,5.653
2020-01-21,10565.254,10565.254,0.0,{'SPY': 0},0.0,5.653
2020-01-22,10565.254,10565.254,0.0,{'SPY': 0},0.0,5.653
2020-01-23,10564.83,206.856,10357.974,{'SPY': 33},-0.004,5.648
2020-01-24,10553.47,10553.47,0.0,{'SPY': 0},-0.108,5.535
2020-01-27,10553.47,10553.47,0.0,{'SPY': 0},0.0,5.535
2020-01-28,10553.47,10553.47,0.0,{'SPY': 0},0.0,5.535
2020-01-29,10553.47,10553.47,0.0,{'SPY': 0},0.0,5.535
2020-01-30,10575.416,34.815,10540.602,{'SPY': 34},0.208,5.754
2020-01-31,10563.876,10563.876,0.0,{'SPY': 0},-0.109,5.639
2020-02-03,10629.73,202.365,10427.365,{'SPY': 34},0.623,6.297
2020-02-04,10788.65,202.365,10586.284,{'SPY': 34},1.495,7.886
2020-02-05,10908.962,202.365,10706.597,{'SPY': 34},1.115,9.09
2020-02-06,10897.252,10897.252,0.0,{'SPY': 0},-0.107,8.973
2020-02-07,10897.252,10897.252,0.0,{'SPY': 0},0.0,8.973
2020-02-10,10897.252,10897.252,0.0,{'SPY': 0},0.0,8.973
2020-02-11,10897.252,10897.252,0.0,{'SPY': 0},0.0,8.973
2020-02-12,10897.252,10897.252,0.0,{'SPY': 0},0.0,8.973
2020-02-13,10897.252,10897.252,0.0,{'SPY': 0},0.0,8.973
2020-02-14,10897.252,10897.252,0.0,{'SPY': 0},0.0,8.973
2020-02-18,10897.252,10897.252,0.0,{'SPY': 0},0.0,8.973
2020-02-19,10897.252,10897.252,0.0,{'SPY': 0},0.0,8.973
2020-02-20,10897.252,10897.252,0.0,{'SPY': 0},0.0,8.973
2020-02-21,10897.252,10897.252,0.0,{'SPY': 0},0.0,8.973
2020-02-24,10897.252,10897.252,0.0,{'SPY': 0},0.0,8.973
2020-02-25,10564.02,208.808,10355.212,{'SPY': 35},-3.058,5.64
2020-02-26,10525.937,208.808,10317.128,{'SPY': 35},-0.361,5.259
2020-02-27,10062.32,208.808,9853.512,{'SPY': 35},-4.405,0.623
2020-02-28,10016.291,208.808,9807.483,{'SPY': 35},-0.457,0.163
2020-03-02,10005.481,10005.481,0.0,{'SPY': 0},-0.108,0.055
2020-03-03,10005.481,10005.481,0.0,{'SPY': 0},0.0,0.055
2020-03-04,10410.793,48.627,10362.166,{'SPY': 35},4.051,4.108
2020-03-05,10399.433,10399.433,0.0,{'SPY': 0},-0.109,3.994
2020-03-06,10399.433,10399.433,0.0,{'SPY': 0},0.0,3.994
2020-03-09,10399.433,10399.433,0.0,{'SPY': 0},0.0,3.994
2020-03-10,10919.403,3.027,10916.376,{'SPY': 40},5.0,9.194
2020-03-11,10907.483,10907.483,0.0,{'SPY': 0},-0.109,9.075
2020-03-12,10907.483,10907.483,0.0,{'SPY': 0},0.0,9.075
2020-03-13,11889.315,97.574,11791.741,{'SPY': 46},9.001,18.893
2020-03-16,11876.525,11876.525,0.0,{'SPY': 0},-0.108,18.765
2020-03-17,12590.924,84.736,12506.187,{'SPY': 52},6.015,25.909
2020-03-18,12577.414,12577.414,0.0,{'SPY': 0},-0.107,25.774
2020-03-19,12577.414,12577.414,0.0,{'SPY': 0},0.0,25.774
2020-03-20,12577.414,12577.414,0.0,{'SPY': 0},0.0,25.774
2020-03-23,12215.188,144.663,12070.525,{'SPY': 57},-2.88,22.152
2020-03-24,13358.716,144.663,13214.054,{'SPY': 57},9.362,33.587
2020-03-25,13344.506,13344.506,0.0,{'SPY': 0},-0.106,33.445
2020-03-26,13344.506,13344.506,0.0,{'SPY': 0},0.0,33.445
2020-03-27,13344.506,13344.506,0.0,{'SPY': 0},0.0,33.445
2020-03-30,13344.506,13344.506,0.0,{'SPY': 0},0.0,33.445
2020-03-31,13344.506,13344.506,0.0,{'SPY': 0},0.0,33.445
2020-04-01,13344.506,13344.506,0.0,{'SPY': 0},0.0,33.445
2020-04-02,13636.835,213.321,13423.514,{'SPY': 56},2.191,36.368
2020-04-03,13622.415,13622.415,0.0,{'SPY': 0},-0.106,36.224
2020-04-06,13622.415,13622.415,0.0,{'SPY': 0},0.0,36.224
2020-04-07,13622.415,13622.415,0.0,{'SPY': 0},0.0,36.224
2020-04-08,14060.495,236.325,13824.17,{'SPY': 53},3.216,40.605
2020-04-09,14045.675,14045.675,0.0,{'SPY': 0},-0.105,40.457
2020-04-13,14045.675,14045.675,0.0,{'SPY': 0},0.0,40.457
2020-04-14,14045.675,14045.675,0.0,{'SPY': 0},0.0,40.457
2020-04-15,14045.675,14045.675,0.0,{'SPY': 0},0.0,40.457
2020-04-16,14045.675,14045.675,0.0,{'SPY': 0},0.0,40.457
2020-04-17,14045.675,14045.675,0.0,{'SPY': 0},0.0,40.457
2020-04-20,14045.675,14045.675,0.0,{'SPY': 0},0.0,40.457
2020-04-21,13605.63,94.257,13511.373,{'SPY': 52},-3.133,36.056
2020-04-22,13909.986,94.257,13815.729,{'SPY': 52},2.237,39.1
2020-04-23,13904.542,94.257,13810.285,{'SPY': 52},-0.039,39.045
2020-04-24,14101.507,94.257,14007.25,{'SPY': 52},1.417,41.015
2020-04-27,14086.497,14086.497,0.0,{'SPY': 0},-0.106,40.865
2020-04-28,14086.497,14086.497,0.0,{'SPY': 0},0.0,40.865
2020-04-29,14431.774,201.244,14230.53,{'SPY': 51},2.451,44.318
2020-04-30,14295.869,201.244,14094.625,{'SPY': 51},-0.942,42.959
2020-05-01,13924.074,201.244,13722.83,{'SPY': 51},-2.601,39.241
2020-05-04,13969.214,201.244,13767.97,{'SPY': 51},0.324,39.692
2020-05-05,13954.444,13954.444,0.0,{'SPY': 0},-0.106,39.544
2020-05-06,13954.444,13954.444,0.0,{'SPY': 0},0.0,39.544
2020-05-07,14105.155,141.094,13964.06,{'SPY': 51},1.08,41.052
2020-05-08,14336.674,141.094,14195.58,{'SPY': 51},1.641,43.367
2020-05-11,14321.474,14321.474,0.0,{'SPY': 0},-0.106,43.215
2020-05-12,14321.474,14321.474,0.0,{'SPY': 0},0.0,43.215
2020-05-13,14061.322,121.875,13939.448,{'SPY': 52},-1.817,40.613
2020-05-14,14228.596,121.875,14106.721,{'SPY': 52},1.19,42.286
2020-05-15,14213.486,14213.486,0.0,{'SPY': 0},-0.106,42.135
2020-05-18,14213.486,14213.486,0.0,{'SPY': 0},0.0,42.135
2020-05-19,14213.486,14213.486,0.0,{'SPY': 0},0.0,42.135
2020-05-20,14438.087,24.574,14413.513,{'SPY': 51},1.58,44.381
2020-05-21,14332.762,24.574,14308.188,{'SPY': 51},-0.729,43.328
2020-05-22,14363.342,24.574,14338.767,{'SPY': 51},0.213,43.633
2020-05-26,14348.002,14348.002,0.0,{'SPY': 0},-0.107,43.48
2020-05-27,14348.002,14348.002,0.0,{'SPY': 0},0.0,43.48
2020-05-28,14348.002,14348.002,0.0,{'SPY': 0},0.0,43.48
2020-05-29,14388.834,204.795,14184.04,{'SPY': 49},0.285,43.888
2020-06-01,14373.654,14373.654,0.0,{'SPY': 0},-0.105,43.737
2020-06-02,14373.654,14373.654,0.0,{'SPY': 0},0.0,43.737
2020-06-03,14373.654,14373.654,0.0,{'SPY': 0},0.0,43.737
2020-06-04,14373.654,14373.654,0.0,{'SPY': 0},0.0,43.737
2020-06-05,14373.654,14373.654,0.0,{'SPY': 0},0.0,43.737
2020-06-08,14373.654,14373.654,0.0,{'SPY': 0},0.0,43.737
2020-06-09,14373.654,14373.654,0.0,{'SPY': 0},0.0,43.737
2020-06-10,14373.654,14373.654,0.0,{'SPY': 0},0.0,43.737
2020-06-11,13535.795,89.043,13446.752,{'SPY': 47},-5.829,35.358
2020-06-12,13699.51,89.043,13610.467,{'SPY': 47},1.209,36.995
2020-06-15,13822.514,89.043,13733.471,{'SPY': 47},0.898,38.225
2020-06-16,13807.784,13807.784,0.0,{'SPY': 0},-0.107,38.078
2020-06-17,13807.784,13807.784,0.0,{'SPY': 0},0.0,38.078
2020-06-18,13801.024,153.555,13647.469,{'SPY': 46},-0.049,38.01
2020-06-19,13721.269,153.555,13567.714,{'SPY': 46},-0.578,37.213
2020-06-22,13814.488,153.555,13660.933,{'SPY': 46},0.679,38.145
2020-06-23,13799.828,13799.828,0.0,{'SPY': 0},-0.106,37.998
2020-06-24,13437.293,64.812,13372.481,{'SPY': 46},-2.627,34.373
2020-06-25,13577.561,64.812,13512.748,{'SPY': 46},1.044,35.776
2020-06-26,13563.051,13563.051,0.0,{'SPY': 0},-0.107,35.631
2020-06-29,13747.15,70.033,13677.118,{'SPY': 47},1.357,37.472
2020-06-30,13732.47,13732.47,0.0,{'SPY': 0},-0.107,37.325
2020-07-01,13732.47,13732.47,0.0,{'SPY': 0},0.0,37.325
2020-07-02,13732.47,13732.47,0.0,{'SPY': 0},0.0,37.325
2020-07-06,13929.244,-9.147,13938.391,{'SPY': 46},1.433,39.292
2020-07-07,13785.457,-9.147,13794.604,{'SPY': 46},-1.032,37.855
2020-07-08,13890.99,-9.147,13900.137,{'SPY': 46},0.766,38.91
2020-07-09,13876.09,13876.09,0.0,{'SPY': 0},-0.107,38.761
2020-07-10,13876.09,13876.09,0.0,{'SPY': 0},0.0,38.761
2020-07-13,13876.09,13876.09,0.0,{'SPY': 0},0.0,38.761
2020-07-14,14040.655,18.718,14021.936,{'SPY': 46},1.186,40.407
2020-07-15,14025.635,14025.635,0.0,{'SPY': 0},-0.107,40.256
2020-07-16,14025.635,14025.635,0.0,{'SPY': 0},0.0,40.256
2020-07-17,14025.635,14025.635,0.0,{'SPY': 0},0.0,40.256
2020-07-20,14025.635,14025.635,0.0,{'SPY': 0},0.0,40.256
2020-07-21,14025.635,14025.635,0.0,{'SPY': 0},0.0,40.256
2020-07-22,14025.635,14025.635,0.0,{'SPY': 0},0.0,40.256
2020-07-23,14025.635,14025.635,0.0,{'SPY': 0},0.0,40.256
2020-07-24,14025.635,14025.635,0.0,{'SPY': 0},0.0,40.256
2020-07-27,14025.635,14025.635,0.0,{'SPY': 0},0.0,40.256
2020-07-28,14025.635,14025.635,0.0,{'SPY': 0},0.0,40.256
2020-07-29,14178.143,194.339,13983.804,{'SPY': 45},1.087,41.781
2020-07-30,14163.163,14163.163,0.0,{'SPY': 0},-0.106,41.632
2020-07-31,14163.163,14163.163,0.0,{'SPY': 0},0.0,41.632
2020-08-03,14163.163,14163.163,0.0,{'SPY': 0},0.0,41.632
2020-08-04,14163.163,14163.163,0.0,{'SPY': 0},0.0,41.632
2020-08-05,14163.163,14163.163,0.0,{'SPY': 0},0.0,41.632
2020-08-06,14163.163,14163.163,0.0,{'SPY': 0},0.0,41.632
2020-08-07,14163.163,14163.163,0.0,{'SPY': 0},0.0,41.632
2020-08-10,14163.163,14163.163,0.0,{'SPY': 0},0.0,41.632
2020-08-11,14163.163,14163.163,0.0,{'SPY': 0},0.0,41.632
2020-08-12,14341.635,149.989,14191.646,{'SPY': 44},1.26,43.416
2020-08-13,14326.445,14326.445,0.0,{'SPY': 0},-0.106,43.264
2020-08-14,14326.445,14326.445,0.0,{'SPY': 0},0.0,43.264
2020-08-17,14326.445,14326.445,0.0,{'SPY': 0},0.0,43.264
2020-08-18,14326.445,14326.445,0.0,{'SPY': 0},0.0,43.264
2020-08-19,14326.445,14326.445,0.0,{'SPY': 0},0.0,43.264
2020-08-20,14326.445,14326.445,0.0,{'SPY': 0},0.0,43.264
2020-08-21,14326.445,14326.445,0.0,{'SPY': 0},0.0,43.264
2020-08-24,14326.445,14326.445,0.0,{'SPY': 0},0.0,43.264
2020-08-25,14326.445,14326.445,0.0,{'SPY': 0},0.0,43.264
2020-08-26,14326.445,14326.445,0.0,{'SPY': 0},0.0,43.264
2020-08-27,14326.445,14326.445,0.0,{'SPY': 0},0.0,43.264
2020-08-28,14326.445,14326.445,0.0,{'SPY': 0},0.0,43.264
2020-08-31,14326.445,14326.445,0.0,{'SPY': 0},0.0,43.264
2020-09-01,14440.288,285.885,14154.403,{'SPY': 42},0.795,44.403
2020-09-02,14425.138,14425.138,0.0,{'SPY': 0},-0.105,44.251
2020-09-03,14425.138,14425.138,0.0,{'SPY': 0},0.0,44.251
2020-09-04,14425.138,14425.138,0.0,{'SPY': 0},0.0,44.251
2020-09-08,14425.138,14425.138,0.0,{'SPY': 0},0.0,44.251
2020-09-09,14689.396,74.557,14614.839,{'SPY': 45},1.832,46.894
2020-09-10,14438.188,74.557,14363.631,{'SPY': 45},-1.71,44.382
2020-09-11,14445.069,74.557,14370.511,{'SPY': 45},0.048,44.451
2020-09-14,14631.756,74.557,14557.198,{'SPY': 45},1.292,46.318
2020-09-15,14706.172,74.557,14631.615,{'SPY': 45},0.509,47.062
2020-09-16,14648.532,74.557,14573.974,{'SPY': 45},-0.392,46.485
2020-09-17,14521.636,74.557,14447.079,{'SPY': 45},-0.866,45.216
2020-09-18,14356.194,74.557,14281.636,{'SPY': 45},-1.139,43.562
2020-09-21,14196.831,74.557,14122.274,{'SPY': 45},-1.11,41.968
2020-09-22,14181.711,14181.711,0.0,{'SPY': 0},-0.107,41.817
2020-09-23,14181.711,14181.711,0.0,{'SPY': 0},0.0,41.817
2020-09-24,14203.919,231.937,13971.982,{'SPY': 45},0.157,42.039
2020-09-25,14427.2,231.937,14195.264,{'SPY': 45},1.572,44.272
2020-09-28,14412.0,14412.0,0.0,{'SPY': 0},-0.105,44.12
2020-09-29,14412.0,14412.0,0.0,{'SPY': 0},0.0,44.12
2020-09-30,14412.0,14412.0,0.0,{'SPY': 0},0.0,44.12
2020-10-01,14412.0,14412.0,0.0,{'SPY': 0},0.0,44.12
2020-10-02,14412.0,14412.0,0.0,{'SPY': 0},0.0,44.12
2020-10-05,14412.0,14412.0,0.0,{'SPY': 0},0.0,44.12
2020-10-06,14412.0,14412.0,0.0,{'SPY': 0},0.0,44.12
2020-10-07,14641.36,253.126,14388.233,{'SPY': 44},1.591,46.414
2020-10-08,14768.044,253.126,14514.918,{'SPY': 44},0.865,47.68
2020-10-09,14752.534,14752.534,0.0,{'SPY': 0},-0.105,47.525
2020-10-12,14752.534,14752.534,0.0,{'SPY': 0},0.0,47.525
2020-10-13,14752.534,14752.534,0.0,{'SPY': 0},0.0,47.525
2020-10-14,14752.534,14752.534,0.0,{'SPY': 0},0.0,47.525
2020-10-15,14717.418,42.882,14674.537,{'SPY': 44},-0.238,47.174
2020-10-16,14701.748,14701.748,0.0,{'SPY': 0},-0.106,47.017
2020-10-19,14465.657,22.952,14442.705,{'SPY': 44},-1.606,44.657
2020-10-20,14521.401,22.952,14498.449,{'SPY': 44},0.385,45.214
2020-10-21,14493.949,22.952,14470.997,{'SPY': 44},-0.189,44.939
2020-10-22,14575.873,22.952,14552.921,{'SPY': 44},0.565,45.759
2020-10-23,14560.323,14560.323,0.0,{'SPY': 0},-0.107,45.603
2020-10-26,14560.323,14560.323,0.0,{'SPY': 0},0.0,45.603
2020-10-27,14560.323,14560.323,0.0,{'SPY': 0},0.0,45.603
2020-10-28,14056.467,261.534,13794.933,{'SPY': 44},-3.46,40.565
2020-10-29,14196.242,261.534,13934.708,{'SPY': 44},0.994,41.962
2020-10-30,14050.135,261.534,13788.601,{'SPY': 44},-1.029,40.501
2020-11-02,14205.53,261.534,13943.996,{'SPY': 44},1.106,42.055
2020-11-03,14448.762,261.534,14187.228,{'SPY': 44},1.712,44.488
2020-11-04,14766.314,261.534,14504.78,{'SPY': 44},2.198,47.663
2020-11-05,15050.084,261.534,14788.55,{'SPY': 44},1.922,50.501
2020-11-06,15049.239,261.534,14787.705,{'SPY': 44},-0.006,50.492
2020-11-09,15232.93,261.534,14971.396,{'SPY': 44},1.221,52.329
2020-11-10,15213.086,261.534,14951.552,{'SPY': 44},-0.13,52.131
2020-11-11,15320.763,261.534,15059.229,{'SPY': 44},0.708,53.208
2020-11-12,15179.725,261.534,14918.191,{'SPY': 44},-0.921,51.797
2020-11-13,15381.148,261.534,15119.614,{'SPY': 44},1.327,53.811
2020-11-16,15566.529,261.534,15304.995,{'SPY': 44},1.205,55.665
2020-11-17,15550.229,15550.229,0.0,{'SPY': 0},-0.105,55.502
2020-11-18,15550.229,15550.229,0.0,{'SPY': 0},0.0,55.502
2020-11-19,15596.677,146.607,15450.07,{'SPY': 45},0.299,55.967
2020-11-20,15580.227,15580.227,0.0,{'SPY': 0},-0.105,55.802
2020-11-23,15655.434,217.239,15438.195,{'SPY': 45},0.483,56.554
2020-11-24,15902.466,217.239,15685.227,{'SPY': 45},1.578,59.025
2020-11-25,15885.776,15885.776,0.0,{'SPY': 0},-0.105,58.858
2020-11-27,15885.776,15885.776,0.0,{'SPY': 0},0.0,58.858
2020-11-30,15885.776,15885.776,0.0,{'SPY': 0},0.0,58.858
2020-12-01,15885.776,15885.776,0.0,{'SPY': 0},0.0,58.858
2020-12-02,15885.776,15885.776,0.0,{'SPY': 0},0.0,58.858
2020-12-03,15885.776,15885.776,0.0,{'SPY': 0},0.0,58.858
2020-12-04,15885.776,15885.776,0.0,{'SPY': 0},0.0,58.858
2020-12-07,15885.776,15885.776,0.0,{'SPY': 0},0.0,58.858
2020-12-08,15885.776,15885.776,0.0,{'SPY': 0},0.0,58.858
2020-12-09,15885.776,15885.776,0.0,{'SPY': 0},0.0,58.858
2020-12-10,15861.582,23.904,15837.678,{'SPY': 45},-0.152,58.616
2020-12-11,15842.579,23.904,15818.674,{'SPY': 45},-0.12,58.426
2020-12-14,15825.759,15825.759,0.0,{'SPY': 0},-0.106,58.258
2020-12-15,16023.218,62.456,15960.762,{'SPY': 45},1.248,60.232
2020-12-16,16006.258,16006.258,0.0,{'SPY': 0},-0.106,60.063
2020-12-17,16006.258,16006.258,0.0,{'SPY': 0},0.0,60.063
2020-12-18,16006.258,16006.258,0.0,{'SPY': 0},0.0,60.063
2020-12-21,16006.258,16006.258,0.0,{'SPY': 0},0.0,60.063
2020-12-22,16006.258,16006.258,0.0,{'SPY': 0},0.0,60.063
2020-12-23,16006.258,16006.258,0.0,{'SPY': 0},0.0,60.063
2020-12-24,16052.633,48.99,16003.642,{'SPY': 45},0.29,60.526
2020-12-28,16035.633,16035.633,0.0,{'SPY': 0},-0.106,60.356
2020-12-29,16035.633,16035.633,0.0,{'SPY': 0},0.0,60.356
2020-12-30,16035.633,16035.633,0.0,{'SPY': 0},0.0,60.356
2020-12-31,16035.633,16035.633,0.0,{'SPY': 0},0.0,60.356
2021-01-04,16035.633,16035.633,0.0,{'SPY': 0},0.0,60.356
2021-01-05,16035.633,16035.633,0.0,{'SPY': 0},0.0,60.356
2021-01-06,16035.633,16035.633,0.0,{'SPY': 0},0.0,60.356
2021-01-07,16035.633,16035.633,0.0,{'SPY': 0},0.0,60.356
2021-01-08,16035.633,16035.633,0.0,{'SPY': 0},0.0,60.356
2021-01-11,16035.633,16035.633,0.0,{'SPY': 0},0.0,60.356
2021-01-12,16035.633,16035.633,0.0,{'SPY': 0},0.0,60.356
2021-01-13,16035.633,16035.633,0.0,{'SPY': 0},0.0,60.356
2021-01-14,16035.633,16035.633,0.0,{'SPY': 0},0.0,60.356
2021-01-15,15904.151,334.518,15569.634,{'SPY': 43},-0.82,59.042
2021-01-19,16026.413,334.518,15691.895,{'SPY': 43},0.769,60.264
2021-01-20,16243.163,334.518,15908.646,{'SPY': 43},1.352,62.432
2021-01-21,16257.254,334.518,15922.737,{'SPY': 43},0.087,62.573
2021-01-22,16201.72,334.518,15867.202,{'SPY': 43},-0.342,62.017
2021-01-25,16265.545,334.518,15931.027,{'SPY': 43},0.394,62.655
2021-01-26,16248.615,16248.615,0.0,{'SPY': 0},-0.104,62.486
2021-01-27,15842.546,324.302,15518.244,{'SPY': 43},-2.499,58.425
2021-01-28,15973.507,324.302,15649.205,{'SPY': 43},0.827,59.735
2021-01-29,15666.41,324.302,15342.108,{'SPY': 43},-1.923,56.664
2021-02-01,15914.657,324.302,15590.355,{'SPY': 43},1.585,59.147
2021-02-02,15898.067,15898.067,0.0,{'SPY': 0},-0.104,58.981
2021-02-03,15898.067,15898.067,0.0,{'SPY': 0},0.0,58.981
2021-02-04,15898.067,15898.067,0.0,{'SPY': 0},0.0,58.981
2021-02-05,15898.067,15898.067,0.0,{'SPY': 0},0.0,58.981
2021-02-08,15898.067,15898.067,0.0,{'SPY': 0},0.0,58.981
2021-02-09,15898.067,15898.067,0.0,{'SPY': 0},0.0,58.981
2021-02-10,15898.067,15898.067,0.0,{'SPY': 0},0.0,58.981
2021-02-11,15898.067,15898.067,0.0,{'SPY': 0},0.0,58.981
2021-02-12,15898.067,15898.067,0.0,{'SPY': 0},0.0,58.981
2021-02-16,15898.067,15898.067,0.0,{'SPY': 0},0.0,58.981
2021-02-17,15898.067,15898.067,0.0,{'SPY': 0},0.0,58.981
2021-02-18,15898.067,15898.067,0.0,{'SPY': 0},0.0,58.981
2021-02-19,15898.067,15898.067,0.0,{'SPY': 0},0.0,58.981
2021-02-22,15763.48,93.242,15670.238,{'SPY': 42},-0.847,57.635
2021-02-23,15779.268,93.242,15686.026,{'SPY': 42},0.1,57.793
2021-02-24,15762.578,15762.578,0.0,{'SPY': 0},-0.106,57.626
2021-02-25,15762.578,15762.578,0.0,{'SPY': 0},0.0,57.626
2021-02-26,15662.303,266.926,15395.377,{'SPY': 42},-0.636,56.623
2021-03-01,16034.722,266.926,15767.795,{'SPY': 42},2.378,60.347
2021-03-02,16017.952,16017.952,0.0,{'SPY': 0},-0.105,60.18
2021-03-03,15794.855,353.735,15441.119,{'SPY': 42},-1.393,57.949
2021-03-04,15603.788,353.735,15250.053,{'SPY': 42},-1.21,56.038
2021-03-05,15881.686,353.735,15527.95,{'SPY': 42},1.781,58.817
2021-03-08,15865.156,15865.156,0.0,{'SPY': 0},-0.104,58.652
2021-03-09,16070.891,27.552,16043.339,{'SPY': 43},1.297,60.709
2021-03-10,16170.767,27.552,16143.215,{'SPY': 43},0.621,61.708
2021-03-11,16335.715,27.552,16308.163,{'SPY': 43},1.02,63.357
2021-03-12,16360.169,27.552,16332.617,{'SPY': 43},0.15,63.602
2021-03-15,16342.839,16342.839,0.0,{'SPY': 0},-0.106,63.428
2021-03-16,16342.839,16342.839,0.0,{'SPY': 0},0.0,63.428
2021-03-17,16342.839,16342.839,0.0,{'SPY': 0},0.0,63.428
2021-03-18,16342.839,16342.839,0.0,{'SPY': 0},0.0,63.428
2021-03-19,16299.329,104.071,16195.258,{'SPY': 43},-0.266,62.993
2021-03-22,16425.731,104.071,16321.661,{'SPY': 43},0.776,64.257
2021-03-23,16299.746,104.071,16195.675,{'SPY': 43},-0.767,62.997
2021-03-24,16215.341,104.071,16111.27,{'SPY': 43},-0.518,62.153
2021-03-25,16305.568,104.071,16201.497,{'SPY': 43},0.556,63.056
2021-03-26,16288.368,16288.368,0.0,{'SPY': 0},-0.105,62.884
2021-03-29,16288.368,16288.368,0.0,{'SPY': 0},0.0,62.884
2021-03-30,16288.368,16288.368,0.0,{'SPY': 0},0.0,62.884
2021-03-31,16288.368,16288.368,0.0,{'SPY': 0},0.0,62.884
2021-04-01,16288.368,16288.368,0.0,{'SPY': 0},0.0,62.884
2021-04-05,16288.368,16288.368,0.0,{'SPY': 0},0.0,62.884
2021-04-06,16288.368,16288.368,0.0,{'SPY': 0},0.0,62.884
2021-04-07,16288.368,16288.368,0.0,{'SPY': 0},0.0,62.884
2021-04-08,16288.368,16288.368,0.0,{'SPY': 0},0.0,62.884
2021-04-09,16288.368,16288.368,0.0,{'SPY': 0},0.0,62.884
2021-04-12,16288.368,16288.368,0.0,{'SPY': 0},0.0,62.884
2021-04-13,16288.368,16288.368,0.0,{'SPY': 0},0.0,62.884
2021-04-14,16288.368,16288.368,0.0,{'SPY': 0},0.0,62.884
2021-04-15,16288.368,16288.368,0.0,{'SPY': 0},0.0,62.884
2021-04-16,16288.368,16288.368,0.0,{'SPY': 0},0.0,62.884
2021-04-19,16288.368,16288.368,0.0,{'SPY': 0},0.0,62.884
2021-04-20,16288.368,16288.368,0.0,{'SPY': 0},0.0,62.884
2021-04-21,16288.368,16288.368,0.0,{'SPY': 0},0.0,62.884
2021-04-22,16288.368,16288.368,0.0,{'SPY': 0},0.0,62.884
2021-04-23,16288.368,16288.368,0.0,{'SPY': 0},0.0,62.884
2021-04-26,16288.368,16288.368,0.0,{'SPY': 0},0.0,62.884
2021-04-27,16288.368,16288.368,0.0,{'SPY': 0},0.0,62.884
2021-04-28,16288.368,16288.368,0.0,{'SPY': 0},0.0,62.884
2021-04-29,16288.368,16288.368,0.0,{'SPY': 0},0.0,62.884
2021-04-30,16288.368,16288.368,0.0,{'SPY': 0},0.0,62.884
2021-05-03,16288.368,16288.368,0.0,{'SPY': 0},0.0,62.884
2021-05-04,16288.368,16288.368,0.0,{'SPY': 0},0.0,62.884
2021-05-05,16288.368,16288.368,0.0,{'SPY': 0},0.0,62.884
2021-05-06,16288.368,16288.368,0.0,{'SPY': 0},0.0,62.884
2021-05-07,16288.368,16288.368,0.0,{'SPY': 0},0.0,62.884
2021-05-10,16288.368,16288.368,0.0,{'SPY': 0},0.0,62.884
2021-05-11,16127.31,103.882,16023.428,{'SPY': 40},-0.989,61.273
2021-05-12,16110.29,16110.29,0.0,{'SPY': 0},-0.106,61.103
2021-05-13,16283.915,19.277,16264.638,{'SPY': 41},1.078,62.839
2021-05-14,16533.683,19.277,16514.406,{'SPY': 41},1.534,65.337
2021-05-17,16493.642,19.277,16474.366,{'SPY': 41},-0.242,64.936
2021-05-18,16352.504,19.277,16333.227,{'SPY': 41},-0.856,63.525
2021-05-19,16309.29,19.277,16290.013,{'SPY': 41},-0.264,63.093
2021-05-20,16292.0,16292.0,0.0,{'SPY': 0},-0.106,62.92
2021-05-21,16292.0,16292.0,0.0,{'SPY': 0},0.0,62.92
2021-05-24,16436.626,225.218,16211.408,{'SPY': 40},0.888,64.366
2021-05-25,16402.59,225.218,16177.372,{'SPY': 40},-0.207,64.026
2021-05-26,16433.526,225.218,16208.308,{'SPY': 40},0.189,64.335
2021-05-27,16440.106,225.218,16214.888,{'SPY': 40},0.04,64.401
2021-05-28,16471.438,225.218,16246.22,{'SPY': 40},0.191,64.714
2021-06-01,16455.966,225.218,16230.748,{'SPY': 40},-0.094,64.56
2021-06-02,16484.206,225.218,16258.988,{'SPY': 40},0.172,64.842
2021-06-03,16424.634,225.218,16199.416,{'SPY': 40},-0.361,64.246
2021-06-04,16569.682,225.218,16344.464,{'SPY': 40},0.883,65.697
2021-06-07,16552.342,16552.342,0.0,{'SPY': 0},-0.105,65.523
2021-06-08,16552.342,16552.342,0.0,{'SPY': 0},0.0,65.523
2021-06-09,16552.342,16552.342,0.0,{'SPY': 0},0.0,65.523
2021-06-10,16611.232,227.316,16383.916,{'SPY': 40},0.356,66.112
2021-06-11,16639.468,227.316,16412.152,{'SPY': 40},0.17,66.395
2021-06-14,16622.058,16622.058,0.0,{'SPY': 0},-0.105,66.221
2021-06-15,16622.058,16622.058,0.0,{'SPY': 0},0.0,66.221
2021-06-16,16622.058,16622.058,0.0,{'SPY': 0},0.0,66.221
2021-06-17,16622.058,16622.058,0.0,{'SPY': 0},0.0,66.221
2021-06-18,16622.058,16622.058,0.0,{'SPY': 0},0.0,66.221
2021-06-21,16836.838,97.772,16739.066,{'SPY': 41},1.292,68.368
2021-06-22,16819.098,16819.098,0.0,{'SPY': 0},-0.105,68.191
2021-06-23,16819.098,16819.098,0.0,{'SPY': 0},0.0,68.191
2021-06-24,16900.323,-7.782,16908.105,{'SPY': 41},0.483,69.003
2021-06-25,16958.797,-7.782,16966.579,{'SPY': 41},0.346,69.588
2021-06-28,16995.394,-7.782,17003.176,{'SPY': 41},0.216,69.954
2021-06-29,16977.394,16977.394,0.0,{'SPY': 0},-0.106,69.774
2021-06-30,16977.394,16977.394,0.0,{'SPY': 0},0.0,69.774
2021-07-01,16977.394,16977.394,0.0,{'SPY': 0},0.0,69.774
2021-07-02,16977.394,16977.394,0.0,{'SPY': 0},0.0,69.774
2021-07-06,16977.394,16977.394,0.0,{'SPY': 0},0.0,69.774
2021-07-07,16977.394,16977.394,0.0,{'SPY': 0},0.0,69.774
2021-07-08,16977.394,16977.394,0.0,{'SPY': 0},0.0,69.774
2021-07-09,16977.394,16977.394,0.0,{'SPY': 0},0.0,69.774
2021-07-12,16977.394,16977.394,0.0,{'SPY': 0},0.0,69.774
2021-07-13,16977.394,16977.394,0.0,{'SPY': 0},0.0,69.774
2021-07-14,16983.166,55.546,16927.62,{'SPY': 40},0.034,69.832
2021-07-15,16925.346,55.546,16869.8,{'SPY': 40},-0.34,69.253
2021-07-16,16796.126,55.546,16740.58,{'SPY': 40},-0.763,67.961
2021-07-19,16546.218,55.546,16490.672,{'SPY': 40},-1.488,65.462
2021-07-20,16781.766,55.546,16726.22,{'SPY': 40},1.424,67.818
2021-07-21,16764.036,16764.036,0.0,{'SPY': 0},-0.106,67.64
2021-07-22,16764.036,16764.036,0.0,{'SPY': 0},0.0,67.64
2021-07-23,16764.036,16764.036,0.0,{'SPY': 0},0.0,67.64
2021-07-26,16764.036,16764.036,0.0,{'SPY': 0},0.0,67.64
2021-07-27,16764.036,16764.036,0.0,{'SPY': 0},0.0,67.64
2021-07-28,16764.036,16764.036,0.0,{'SPY': 0},0.0,67.64
2021-07-29,16764.036,16764.036,0.0,{'SPY': 0},0.0,67.64
2021-07-30,16764.036,16764.036,0.0,{'SPY': 0},0.0,67.64
2021-08-02,16764.036,16764.036,0.0,{'SPY': 0},0.0,67.64
2021-08-03,16880.41,190.59,16689.82,{'SPY': 39},0.694,68.804
2021-08-04,16862.72,16862.72,0.0,{'SPY': 0},-0.105,68.627
2021-08-05,16949.154,235.119,16714.035,{'SPY': 39},0.513,69.492
2021-08-06,16931.444,16931.444,0.0,{'SPY': 0},-0.104,69.314
2021-08-09,16931.444,16931.444,0.0,{'SPY': 0},0.0,69.314
2021-08-10,16931.444,16931.444,0.0,{'SPY': 0},0.0,69.314
2021-08-11,16931.444,16931.444,0.0,{'SPY': 0},0.0,69.314
2021-08-12,16931.444,16931.444,0.0,{'SPY': 0},0.0,69.314
2021-08-13,16931.444,16931.444,0.0,{'SPY': 0},0.0,69.314
2021-08-16,16931.444,16931.444,0.0,{'SPY': 0},0.0,69.314
2021-08-17,16931.444,16931.444,0.0,{'SPY': 0},0.0,69.314
2021-08-18,16931.444,16931.444,0.0,{'SPY': 0},0.0,69.314
2021-08-19,16937.661,296.267,16641.394,{'SPY': 39},0.037,69.377
2021-08-20,17069.703,296.267,16773.436,{'SPY': 39},0.78,70.697
2021-08-23,17051.933,17051.933,0.0,{'SPY': 0},-0.104,70.519
2021-08-24,17051.933,17051.933,0.0,{'SPY': 0},0.0,70.519
2021-08-25,17051.933,17051.933,0.0,{'SPY': 0},0.0,70.519
2021-08-26,17051.933,17051.933,0.0,{'SPY': 0},0.0,70.519
2021-08-27,17181.988,149.381,17032.606,{'SPY': 39},0.763,71.82
2021-08-30,17163.958,17163.958,0.0,{'SPY': 0},-0.105,71.64
2021-08-31,17163.958,17163.958,0.0,{'SPY': 0},0.0,71.64
2021-09-01,17163.958,17163.958,0.0,{'SPY': 0},0.0,71.64
2021-09-02,17198.081,51.212,17146.869,{'SPY': 39},0.199,71.981
2021-09-03,17192.785,51.212,17141.572,{'SPY': 39},-0.031,71.928
2021-09-07,17134.519,51.212,17083.306,{'SPY': 39},-0.339,71.345
2021-09-08,17112.952,51.212,17061.74,{'SPY': 39},-0.126,71.13
2021-09-09,17037.662,51.212,16986.45,{'SPY': 39},-0.44,70.377
2021-09-10,16906.759,51.212,16855.546,{'SPY': 39},-0.768,69.068
2021-09-13,16946.855,51.212,16895.642,{'SPY': 39},0.237,69.469
2021-09-14,16856.808,51.212,16805.595,{'SPY': 39},-0.531,68.568
2021-09-15,16996.041,51.212,16944.829,{'SPY': 39},0.826,69.96
2021-09-16,16978.101,16978.101,0.0,{'SPY': 0},-0.106,69.781
2021-09-17,16978.101,16978.101,0.0,{'SPY': 0},0.0,69.781
2021-09-20,16680.991,205.667,16475.324,{'SPY': 39},-1.75,66.81
2021-09-21,16666.568,205.667,16460.902,{'SPY': 39},-0.086,66.666
2021-09-22,16824.085,205.667,16618.419,{'SPY': 39},0.945,68.241
2021-09-23,17023.356,205.667,16817.689,{'SPY': 39},1.184,70.234
2021-09-24,17055.242,205.667,16849.576,{'SPY': 39},0.187,70.552
2021-09-27,17008.173,205.667,16802.506,{'SPY': 39},-0.276,70.082
2021-09-28,16669.224,205.667,16463.557,{'SPY': 39},-1.993,66.692
2021-09-29,16695.034,205.667,16489.368,{'SPY': 39},0.155,66.95
2021-09-30,16495.007,205.667,16289.341,{'SPY': 39},-1.198,64.95
2021-10-01,16685.924,205.667,16480.257,{'SPY': 39},1.157,66.859
2021-10-04,16477.165,205.667,16271.498,{'SPY': 39},-1.251,64.772
2021-10-05,16642.657,205.667,16436.991,{'SPY': 39},1.004,66.427
2021-10-06,16713.255,205.667,16507.589,{'SPY': 39},0.424,67.133
2021-10-07,16695.745,16695.745,0.0,{'SPY': 0},-0.105,66.957
2021-10-08,16647.348,28.929,16618.419,{'SPY': 39},-0.29,66.473
2021-10-11,16527.029,28.929,16498.1,{'SPY': 39},-0.723,65.27
2021-10-12,16487.931,28.929,16459.002,{'SPY': 39},-0.237,64.879
2021-10-13,16544.867,28.929,16515.938,{'SPY': 39},0.345,65.449
2021-10-14,16823.468,28.929,16794.539,{'SPY': 39},1.684,68.235
2021-10-15,16805.678,16805.678,0.0,{'SPY': 0},-0.106,68.057
2021-10-18,16805.678,16805.678,0.0,{'SPY': 0},0.0,68.057
2021-10-19,16805.678,16805.678,0.0,{'SPY': 0},0.0,68.057
2021-10-20,16805.678,16805.678,0.0,{'SPY': 0},0.0,68.057
2021-10-21,16805.678,16805.678,0.0,{'SPY': 0},0.0,68.057
2021-10-22,16805.678,16805.678,0.0,{'SPY': 0},0.0,68.057
2021-10-25,16805.678,16805.678,0.0,{'SPY': 0},0.0,68.057
2021-10-26,16805.678,16805.678,0.0,{'SPY': 0},0.0,68.057
2021-10-27,16713.355,368.483,16344.872,{'SPY': 37},-0.549,67.134
2021-10-28,16870.357,368.483,16501.874,{'SPY': 37},0.939,68.704
2021-10-29,16852.857,16852.857,0.0,{'SPY': 0},-0.104,68.529
2021-11-01,16852.857,16852.857,0.0,{'SPY': 0},0.0,68.529
2021-11-02,16852.857,16852.857,0.0,{'SPY': 0},0.0,68.529
2021-11-03,16852.857,16852.857,0.0,{'SPY': 0},0.0,68.529
2021-11-04,16852.857,16852.857,0.0,{'SPY': 0},0.0,68.529
2021-11-05,16852.857,16852.857,0.0,{'SPY': 0},0.0,68.529
2021-11-08,16852.857,16852.857,0.0,{'SPY': 0},0.0,68.529
2021-11-09,16852.857,16852.857,0.0,{'SPY': 0},0.0,68.529
2021-11-10,16852.857,16852.857,0.0,{'SPY': 0},0.0,68.529
2021-11-11,16852.857,16852.857,0.0,{'SPY': 0},0.0,68.529
2021-11-12,16959.392,133.427,16825.965,{'SPY': 37},0.632,69.594
2021-11-15,16941.562,16941.562,0.0,{'SPY': 0},-0.105,69.416
2021-11-16,16941.562,16941.562,0.0,{'SPY': 0},0.0,69.416
2021-11-17,16941.562,16941.562,0.0,{'SPY': 0},0.0,69.416
2021-11-18,16941.562,16941.562,0.0,{'SPY': 0},0.0,69.416
2021-11-19,16941.562,16941.562,0.0,{'SPY': 0},0.0,69.416
2021-11-22,16873.259,37.934,16835.326,{'SPY': 37},-0.403,68.733
2021-11-23,16899.185,37.934,16861.252,{'SPY': 37},0.154,68.992
2021-11-24,16881.325,16881.325,0.0,{'SPY': 0},-0.106,68.813
2021-11-26,16881.325,16881.325,0.0,{'SPY': 0},0.0,68.813
2021-11-29,16881.325,16881.325,0.0,{'SPY': 0},0.0,68.813
2021-11-30,16881.325,16881.325,0.0,{'SPY': 0},0.0,68.813
2021-12-01,16666.344,5.092,16661.252,{'SPY': 38},-1.273,66.663
2021-12-02,16919.679,5.092,16914.587,{'SPY': 38},1.52,69.197
2021-12-03,16901.769,16901.769,0.0,{'SPY': 0},-0.106,69.018
2021-12-06,16901.769,16901.769,0.0,{'SPY': 0},0.0,69.018
2021-12-07,16901.769,16901.769,0.0,{'SPY': 0},0.0,69.018
2021-12-08,16901.769,16901.769,0.0,{'SPY': 0},0.0,69.018
2021-12-09,16901.769,16901.769,0.0,{'SPY': 0},0.0,69.018
2021-12-10,17041.699,91.503,16950.196,{'SPY': 37},0.828,70.417
2021-12-13,17023.749,17023.749,0.0,{'SPY': 0},-0.105,70.237
2021-12-14,16889.994,203.39,16686.604,{'SPY': 37},-0.786,68.9
2021-12-15,17148.906,203.39,16945.515,{'SPY': 37},1.533,71.489
2021-12-16,17130.956,17130.956,0.0,{'SPY': 0},-0.105,71.31
2021-12-17,17130.956,17130.956,0.0,{'SPY': 0},0.0,71.31
2021-12-20,17130.956,17130.956,0.0,{'SPY': 0},0.0,71.31
2021-12-21,17130.956,17130.956,0.0,{'SPY': 0},0.0,71.31
2021-12-22,17130.956,17130.956,0.0,{'SPY': 0},0.0,71.31
2021-12-23,17130.956,17130.956,0.0,{'SPY': 0},0.0,71.31
2021-12-27,17130.956,17130.956,0.0,{'SPY': 0},0.0,71.31
2021-12-28,17130.956,17130.956,0.0,{'SPY': 0},0.0,71.31
2021-12-29,17130.956,17130.956,0.0,{'SPY': 0},0.0,71.31
2021-12-30,17130.956,17130.956,0.0,{'SPY': 0},0.0,71.31
2021-12-31,17068.914,372.15,16696.764,{'SPY': 36},-0.362,70.689
2022-01-03,17170.175,372.15,16798.025,{'SPY': 36},0.593,71.702
2022-01-04,17152.375,17152.375,0.0,{'SPY': 0},-0.104,71.524
2022-01-05,17152.375,17152.375,0.0,{'SPY': 0},0.0,71.524
2022-01-06,17118.183,208.769,16909.414,{'SPY': 37},-0.199,71.182
2022-01-07,17052.778,208.769,16844.01,{'SPY': 37},-0.382,70.528
2022-01-10,17031.818,208.769,16823.049,{'SPY': 37},-0.123,70.318
2022-01-11,17013.998,17013.998,0.0,{'SPY': 0},-0.105,70.14
2022-01-12,17013.998,17013.998,0.0,{'SPY': 0},0.0,70.14
2022-01-13,17013.998,17013.998,0.0,{'SPY': 0},0.0,70.14
2022-01-14,17001.628,209.297,16792.332,{'SPY': 37},-0.073,70.016
2022-01-18,16983.838,16983.838,0.0,{'SPY': 0},-0.105,69.838
2022-01-19,16983.838,16983.838,0.0,{'SPY': 0},0.0,69.838
2022-01-20,16780.503,198.652,16581.851,{'SPY': 38},-1.197,67.805
2022-01-21,16455.018,198.652,16256.366,{'SPY': 38},-1.94,64.55
2022-01-24,16524.421,198.652,16325.769,{'SPY': 38},0.422,65.244
2022-01-25,16507.091,16507.091,0.0,{'SPY': 0},-0.105,65.071
2022-01-26,16507.091,16507.091,0.0,{'SPY': 0},0.0,65.071
2022-01-27,16507.091,16507.091,0.0,{'SPY': 0},0.0,65.071
2022-01-28,16894.555,62.6,16831.955,{'SPY': 39},2.347,68.946
2022-01-31,16876.725,16876.725,0.0,{'SPY': 0},-0.106,68.767
2022-02-01,16876.725,16876.725,0.0,{'SPY': 0},0.0,68.767
2022-02-02,16876.725,16876.725,0.0,{'SPY': 0},0.0,68.767
2022-02-03,16876.725,16876.725,0.0,{'SPY': 0},0.0,68.767
2022-02-04,16936.338,282.489,16653.85,{'SPY': 38},0.353,69.363
2022-02-07,16880.668,282.489,16598.18,{'SPY': 38},-0.329,68.807
2022-02-08,17016.503,282.489,16734.014,{'SPY': 38},0.805,70.165
2022-02-09,16998.773,16998.773,0.0,{'SPY': 0},-0.104,69.988
2022-02-10,16998.773,16998.773,0.0,{'SPY': 0},0.0,69.988
2022-02-11,16998.773,16998.773,0.0,{'SPY': 0},0.0,69.988
2022-02-14,16925.765,201.984,16723.781,{'SPY': 39},-0.429,69.258
2022-02-15,17192.775,201.984,16990.791,{'SPY': 39},1.578,71.928
2022-02-16,17174.785,17174.785,0.0,{'SPY': 0},-0.105,71.748
2022-02-17,17174.785,17174.785,0.0,{'SPY': 0},0.0,71.748
2022-02-18,17045.757,80.289,16965.468,{'SPY': 40},-0.751,70.458
2022-02-22,16865.269,80.289,16784.98,{'SPY': 40},-1.059,68.653
2022-02-23,16565.237,80.289,16484.948,{'SPY': 40},-1.779,65.652
2022-02-24,16812.917,80.289,16732.628,{'SPY': 40},1.495,68.129
2022-02-25,16795.187,16795.187,0.0,{'SPY': 0},-0.105,67.952
2022-02-28,16795.187,16795.187,0.0,{'SPY': 0},0.0,67.952
2022-03-01,16795.187,16795.187,0.0,{'SPY': 0},0.0,67.952
2022-03-02,16795.187,16795.187,0.0,{'SPY': 0},0.0,67.952
2022-03-03,16795.187,16795.187,0.0,{'SPY': 0},0.0,67.952
2022-03-04,16795.187,16795.187,0.0,{'SPY': 0},0.0,67.952
2022-03-07,16795.187,16795.187,0.0,{'SPY': 0},0.0,67.952
2022-03-08,16654.349,390.909,16263.44,{'SPY': 40},-0.839,66.543
2022-03-09,17088.377,390.909,16697.468,{'SPY': 40},2.606,70.884
2022-03-10,17012.981,390.909,16622.072,{'SPY': 40},-0.441,70.13
2022-03-11,16995.361,16995.361,0.0,{'SPY': 0},-0.104,69.954
2022-03-14,16856.607,156.151,16700.456,{'SPY': 41},-0.816,68.566
2022-03-15,17220.203,156.151,17064.052,{'SPY': 41},2.157,72.202
2022-03-16,17202.143,17202.143,0.0,{'SPY': 0},-0.105,72.021
2022-03-17,17202.143,17202.143,0.0,{'SPY': 0},0.0,72.021
2022-03-18,17202.143,17202.143,0.0,{'SPY': 0},0.0,72.021
2022-03-21,17202.143,17202.143,0.0,{'SPY': 0},0.0,72.021
2022-03-22,17202.143,17202.143,0.0,{'SPY': 0},0.0,72.021
2022-03-23,17202.143,17202.143,0.0,{'SPY': 0},0.0,72.021
2022-03-24,17435.215,225.806,17209.409,{'SPY': 39},1.355,74.352
2022-03-25,17417.005,17417.005,0.0,{'SPY': 0},-0.104,74.17
2022-03-28,17417.005,17417.005,0.0,{'SPY': 0},0.0,74.17
2022-03-29,17417.005,17417.005,0.0,{'SPY': 0},0.0,74.17
2022-03-30,17417.005,17417.005,0.0,{'SPY': 0},0.0,74.17
2022-03-31,17417.005,17417.005,0.0,{'SPY': 0},0.0,74.17
2022-04-01,17445.74,141.958,17303.781,{'SPY': 39},0.165,74.457
2022-04-04,17427.44,17427.44,0.0,{'SPY': 0},-0.105,74.274
2022-04-05,17427.44,17427.44,0.0,{'SPY': 0},0.0,74.274
2022-04-06,17236.114,173.427,17062.687,{'SPY': 39},-1.098,72.361
2022-04-07,17319.028,173.427,17145.601,{'SPY': 39},0.481,73.19
2022-04-08,17276.233,173.427,17102.806,{'SPY': 39},-0.247,72.762
2022-04-11,16983.94,173.427,16810.513,{'SPY': 39},-1.692,69.839
2022-04-12,16917.839,173.427,16744.412,{'SPY': 39},-0.389,69.178
2022-04-13,17113.467,173.427,16940.04,{'SPY': 39},1.156,71.135
2022-04-14,17095.527,17095.527,0.0,{'SPY': 0},-0.105,70.955
2022-04-18,17082.383,347.522,16734.861,{'SPY': 39},-0.077,70.824
2022-04-19,17350.605,347.522,17003.084,{'SPY': 39},1.57,73.506
2022-04-20,17332.605,17332.605,0.0,{'SPY': 0},-0.104,73.326
2022-04-21,17332.605,17332.605,0.0,{'SPY': 0},0.0,73.326
2022-04-22,16846.139,148.515,16697.624,{'SPY': 40},-2.807,68.461
2022-04-25,16940.187,148.515,16791.672,{'SPY': 40},0.558,69.402
2022-04-26,16922.397,16922.397,0.0,{'SPY': 0},-0.105,69.224
2022-04-27,16950.882,190.5,16760.382,{'SPY': 41},0.168,69.509
2022-04-28,17373.846,190.5,17183.346,{'SPY': 41},2.495,73.738
2022-04-29,17355.666,17355.666,0.0,{'SPY': 0},-0.105,73.557
2022-05-02,17438.525,382.921,17055.604,{'SPY': 42},0.477,74.385
2022-05-03,17420.465,17420.465,0.0,{'SPY': 0},-0.104,74.205
2022-05-04,17420.465,17420.465,0.0,{'SPY': 0},0.0,74.205
2022-05-05,17420.465,17420.465,0.0,{'SPY': 0},0.0,74.205
2022-05-06,17420.465,17420.465,0.0,{'SPY': 0},0.0,74.205
2022-05-09,17420.465,17420.465,0.0,{'SPY': 0},0.0,74.205
2022-05-10,17438.076,235.435,17202.64,{'SPY': 44},0.101,74.381
2022-05-11,17166.499,235.435,16931.064,{'SPY': 44},-1.557,71.665
2022-05-12,17150.98,235.435,16915.545,{'SPY': 44},-0.09,71.51
2022-05-13,17551.015,235.435,17315.58,{'SPY': 44},2.332,75.51
2022-05-16,17532.695,17532.695,0.0,{'SPY': 0},-0.104,75.327
2022-05-17,17532.695,17532.695,0.0,{'SPY': 0},0.0,75.327
2022-05-18,17532.695,17532.695,0.0,{'SPY': 0},0.0,75.327
2022-05-19,17405.078,235.585,17169.494,{'SPY': 45},-0.728,74.051
2022-05-20,17411.693,235.585,17176.109,{'SPY': 45},0.038,74.117
2022-05-23,17734.847,235.585,17499.262,{'SPY': 45},1.856,77.348
2022-05-24,17716.347,17716.347,0.0,{'SPY': 0},-0.104,77.163
2022-05-25,17716.347,17716.347,0.0,{'SPY': 0},0.0,77.163
2022-05-26,17716.347,17716.347,0.0,{'SPY': 0},0.0,77.163
2022-05-27,17716.347,17716.347,0.0,{'SPY': 0},0.0,77.163
2022-05-31,17716.347,17716.347,0.0,{'SPY': 0},0.0,77.163
2022-06-01,17716.347,17716.347,0.0,{'SPY': 0},0.0,77.163
2022-06-02,17716.347,17716.347,0.0,{'SPY': 0},0.0,77.163
2022-06-03,17716.347,17716.347,0.0,{'SPY': 0},0.0,77.163
2022-06-06,17716.347,17716.347,0.0,{'SPY': 0},0.0,77.163
2022-06-07,17863.977,351.733,17512.244,{'SPY': 43},0.833,78.64
2022-06-08,17845.467,17845.467,0.0,{'SPY': 0},-0.104,78.455
2022-06-09,17403.426,97.333,17306.093,{'SPY': 44},-2.477,74.034
2022-06-10,16901.232,97.333,16803.899,{'SPY': 44},-2.886,69.012
2022-06-13,16263.254,97.333,16165.921,{'SPY': 44},-3.775,62.633
2022-06-14,16211.524,97.333,16114.19,{'SPY': 44},-0.318,62.115
2022-06-15,16440.42,97.333,16343.087,{'SPY': 44},1.412,64.404
2022-06-16,15914.519,97.333,15817.186,{'SPY': 44},-3.199,59.145
2022-06-17,15935.595,97.333,15838.262,{'SPY': 44},0.132,59.356
2022-06-21,16335.186,97.333,16237.852,{'SPY': 44},2.508,63.352
2022-06-22,16305.75,97.333,16208.416,{'SPY': 44},-0.18,63.057
2022-06-23,16467.665,97.333,16370.332,{'SPY': 44},0.993,64.677
2022-06-24,16450.295,16450.295,0.0,{'SPY': 0},-0.105,64.503
2022-06-27,16450.295,16450.295,0.0,{'SPY': 0},0.0,64.503
2022-06-28,16450.295,16450.295,0.0,{'SPY': 0},0.0,64.503
2022-06-29,16417.108,324.478,16092.63,{'SPY': 43},-0.202,64.171
2022-06-30,16287.007,324.478,15962.529,{'SPY': 43},-0.792,62.87
2022-07-01,16452.647,324.478,16128.169,{'SPY': 43},1.017,64.526
2022-07-05,16435.517,16435.517,0.0,{'SPY': 0},-0.104,64.355
2022-07-06,16435.517,16435.517,0.0,{'SPY': 0},0.0,64.355
2022-07-07,16435.517,16435.517,0.0,{'SPY': 0},0.0,64.355
2022-07-08,16435.517,16435.517,0.0,{'SPY': 0},0.0,64.355
2022-07-11,16435.517,16435.517,0.0,{'SPY': 0},0.0,64.355
2022-07-12,16435.517,16435.517,0.0,{'SPY': 0},0.0,64.355
2022-07-13,16435.517,16435.517,0.0,{'SPY': 0},0.0,64.355
2022-07-14,16435.517,16435.517,0.0,{'SPY': 0},0.0,64.355
2022-07-15,16435.517,16435.517,0.0,{'SPY': 0},0.0,64.355
2022-07-18,16435.517,16435.517,0.0,{'SPY': 0},0.0,64.355
2022-07-19,16852.446,256.764,16595.682,{'SPY': 43},2.537,68.524
2022-07-20,16834.846,16834.846,0.0,{'SPY': 0},-0.104,68.348
2022-07-21,16834.846,16834.846,0.0,{'SPY': 0},0.0,68.348
2022-07-22,16834.846,16834.846,0.0,{'SPY': 0},0.0,68.348
2022-07-25,16834.846,16834.846,0.0,{'SPY': 0},0.0,68.348
2022-07-26,16834.846,16834.846,0.0,{'SPY': 0},0.0,68.348
2022-07-27,16834.846,16834.846,0.0,{'SPY': 0},0.0,68.348
2022-07-28,16834.846,16834.846,0.0,{'SPY': 0},0.0,68.348
2022-07-29,16834.846,16834.846,0.0,{'SPY': 0},0.0,68.348
2022-08-01,16834.846,16834.846,0.0,{'SPY': 0},0.0,68.348
2022-08-02,16834.846,16834.846,0.0,{'SPY': 0},0.0,68.348
2022-08-03,16834.846,16834.846,0.0,{'SPY': 0},0.0,68.348
2022-08-04,16834.846,16834.846,0.0,{'SPY': 0},0.0,68.348
2022-08-05,16834.846,16834.846,0.0,{'SPY': 0},0.0,68.348
2022-08-08,16834.846,16834.846,0.0,{'SPY': 0},0.0,68.348
2022-08-09,16834.846,16834.846,0.0,{'SPY': 0},0.0,68.348
2022-08-10,16834.846,16834.846,0.0,{'SPY': 0},0.0,68.348
2022-08-11,16834.846,16834.846,0.0,{'SPY': 0},0.0,68.348
2022-08-12,17094.784,286.916,16807.868,{'SPY': 40},1.544,70.948
2022-08-15,17076.974,17076.974,0.0,{'SPY': 0},-0.104,70.77
2022-08-16,17076.974,17076.974,0.0,{'SPY': 0},0.0,70.77
2022-08-17,17076.974,17076.974,0.0,{'SPY': 0},0.0,70.77
2022-08-18,17076.974,17076.974,0.0,{'SPY': 0},0.0,70.77
2022-08-19,17076.974,17076.974,0.0,{'SPY': 0},0.0,70.77
2022-08-22,17076.974,17076.974,0.0,{'SPY': 0},0.0,70.77
2022-08-23,17076.974,17076.974,0.0,{'SPY': 0},0.0,70.77
2022-08-24,17112.657,19.392,17093.265,{'SPY': 42},0.209,71.127
2022-08-25,17355.648,19.392,17336.256,{'SPY': 42},1.42,73.556
2022-08-26,17337.308,17337.308,0.0,{'SPY': 0},-0.106,73.373
2022-08-29,17205.349,170.5,17034.85,{'SPY': 43},-0.761,72.053
2022-08-30,17017.074,170.5,16846.574,{'SPY': 43},-1.094,70.171
2022-08-31,16888.031,170.5,16717.531,{'SPY': 43},-0.758,68.88
2022-09-01,16941.764,170.5,16771.264,{'SPY': 43},0.318,69.418
2022-09-02,16923.994,16923.994,0.0,{'SPY': 0},-0.105,69.24
2022-09-06,16843.777,309.864,16533.913,{'SPY': 43},-0.474,68.438
2022-09-07,17139.093,309.864,16829.228,{'SPY': 43},1.753,71.391
2022-09-08,17121.263,17121.263,0.0,{'SPY': 0},-0.104,71.213
2022-09-09,17121.263,17121.263,0.0,{'SPY': 0},0.0,71.213
2022-09-12,17121.263,17121.263,0.0,{'SPY': 0},0.0,71.213
2022-09-13,17121.263,17121.263,0.0,{'SPY': 0},0.0,71.213
2022-09-14,17167.32,83.519,17083.801,{'SPY': 44},0.269,71.673
2022-09-15,16973.368,83.519,16889.849,{'SPY': 44},-1.13,69.734
2022-09-16,16847.581,83.519,16764.062,{'SPY': 44},-0.741,68.476
2022-09-19,16829.821,16829.821,0.0,{'SPY': 0},-0.105,68.298
2022-09-20,16829.821,16829.821,0.0,{'SPY': 0},0.0,68.298
2022-09-21,16829.821,16829.821,0.0,{'SPY': 0},0.0,68.298
2022-09-22,16671.551,33.764,16637.787,{'SPY': 45},-0.94,66.716
2022-09-23,16391.016,33.764,16357.252,{'SPY': 45},-1.683,63.91
2022-09-26,16230.519,33.764,16196.756,{'SPY': 45},-0.979,62.305
2022-09-27,16189.619,33.764,16155.855,{'SPY': 45},-0.252,61.896
2022-09-28,16504.83,33.764,16471.066,{'SPY': 45},1.947,65.048
2022-09-29,16487.36,16487.36,0.0,{'SPY': 0},-0.106,64.874
2022-09-30,16487.36,16487.36,0.0,{'SPY': 0},0.0,64.874
2022-10-03,16897.783,237.024,16660.758,{'SPY': 46},2.489,68.978
2022-10-04,17412.693,237.024,17175.669,{'SPY': 46},3.047,74.127
2022-10-05,17394.513,17394.513,0.0,{'SPY': 0},-0.104,73.945
2022-10-06,17394.513,17394.513,0.0,{'SPY': 0},0.0,73.945
2022-10-07,16892.332,45.835,16846.497,{'SPY': 47},-2.887,68.923
2022-10-10,16765.564,45.835,16719.728,{'SPY': 47},-0.75,67.656
2022-10-11,16657.374,45.835,16611.539,{'SPY': 47},-0.645,66.574
2022-10-12,16602.117,45.835,16556.281,{'SPY': 47},-0.332,66.021
2022-10-13,17039.066,45.835,16993.231,{'SPY': 47},2.632,70.391
2022-10-14,17021.076,17021.076,0.0,{'SPY': 0},-0.106,70.211
2022-10-17,17435.611,40.987,17394.624,{'SPY': 48},2.435,74.356
2022-10-18,17417.221,17417.221,0.0,{'SPY': 0},-0.105,74.172
2022-10-19,17417.221,17417.221,0.0,{'SPY': 0},0.0,74.172
2022-10-20,17417.221,17417.221,0.0,{'SPY': 0},0.0,74.172
2022-10-21,17818.579,69.235,17749.344,{'SPY': 48},2.304,78.186
2022-10-24,17799.829,17799.829,0.0,{'SPY': 0},-0.105,77.998
2022-10-25,17799.829,17799.829,0.0,{'SPY': 0},0.0,77.998
2022-10-26,17799.829,17799.829,0.0,{'SPY': 0},0.0,77.998
2022-10-27,17682.647,39.331,17643.316,{'SPY': 47},-0.658,76.826
2022-10-28,18101.022,39.331,18061.691,{'SPY': 47},2.366,81.01
2022-10-31,18081.962,18081.962,0.0,{'SPY': 0},-0.105,80.82
2022-11-01,18081.962,18081.962,0.0,{'SPY': 0},0.0,80.82
2022-11-02,17614.544,207.581,17406.962,{'SPY': 47},-2.585,76.145
2022-11-03,17435.77,207.581,17228.188,{'SPY': 47},-1.015,74.358
2022-11-04,17682.802,207.581,17475.22,{'SPY': 47},1.417,76.828
2022-11-07,17849.967,207.581,17642.385,{'SPY': 47},0.945,78.5
2022-11-08,17831.327,17831.327,0.0,{'SPY': 0},-0.104,78.313
2022-11-09,17831.327,17831.327,0.0,{'SPY': 0},0.0,78.313
2022-11-10,18784.275,69.406,18714.869,{'SPY': 48},5.344,87.843
2022-11-11,18764.565,18764.565,0.0,{'SPY': 0},-0.105,87.646
2022-11-14,18764.565,18764.565,0.0,{'SPY': 0},0.0,87.646
2022-11-15,18904.165,4.348,18899.818,{'SPY': 48},0.744,89.042
2022-11-16,18760.473,4.348,18756.125,{'SPY': 48},-0.76,87.605
2022-11-17,18702.143,4.348,18697.795,{'SPY': 48},-0.311,87.021
2022-11-18,18682.443,18682.443,0.0,{'SPY': 0},-0.105,86.824
2022-11-21,18682.443,18682.443,0.0,{'SPY': 0},0.0,86.824
2022-11-22,18682.443,18682.443,0.0,{'SPY': 0},0.0,86.824
2022-11-23,18682.443,18682.443,0.0,{'SPY': 0},0.0,86.824
2022-11-25,18682.443,18682.443,0.0,{'SPY': 0},0.0,86.824
2022-11-28,18682.443,18682.443,0.0,{'SPY': 0},0.0,86.824
2022-11-29,18631.954,278.651,18353.303,{'SPY': 47},-0.27,86.32
2022-11-30,19199.385,278.651,18920.734,{'SPY': 47},3.045,91.994
2022-12-01,19179.465,19179.465,0.0,{'SPY': 0},-0.104,91.795
2022-12-02,19179.465,19179.465,0.0,{'SPY': 0},0.0,91.795
2022-12-05,19179.465,19179.465,0.0,{'SPY': 0},0.0,91.795
2022-12-06,19179.465,19179.465,0.0,{'SPY': 0},0.0,91.795
2022-12-07,19179.465,19179.465,0.0,{'SPY': 0},0.0,91.795
2022-12-08,19179.465,19179.465,0.0,{'SPY': 0},0.0,91.795
2022-12-09,19179.465,19179.465,0.0,{'SPY': 0},0.0,91.795
2022-12-12,19431.732,120.259,19311.473,{'SPY': 49},1.315,94.317
2022-12-13,19411.422,19411.422,0.0,{'SPY': 0},-0.105,94.114
2022-12-14,19411.422,19411.422,0.0,{'SPY': 0},0.0,94.114
2022-12-15,19411.422,19411.422,0.0,{'SPY': 0},0.0,94.114
2022-12-16,19411.422,19411.422,0.0,{'SPY': 0},0.0,94.114
2022-12-19,19411.422,19411.422,0.0,{'SPY': 0},0.0,94.114
2022-12-20,19411.422,19411.422,0.0,{'SPY': 0},0.0,94.114
2022-12-21,19411.422,19411.422,0.0,{'SPY': 0},0.0,94.114
2022-12-22,19411.422,19411.422,0.0,{'SPY': 0},0.0,94.114
2022-12-23,19411.422,19411.422,0.0,{'SPY': 0},0.0,94.114
2022-12-27,19411.422,19411.422,0.0,{'SPY': 0},0.0,94.114
2022-12-28,19411.422,19411.422,0.0,{'SPY': 0},0.0,94.114
2022-12-29,19731.002,324.579,19406.423,{'SPY': 51},1.646,97.31
2022-12-30,19710.592,19710.592,0.0,{'SPY': 0},-0.103,97.106
2023-01-03,19710.592,19710.592,0.0,{'SPY': 0},0.0,97.106
2023-01-04,19710.592,19710.592,0.0,{'SPY': 0},0.0,97.106
2023-01-05,19710.592,19710.592,0.0,{'SPY': 0},0.0,97.106
2023-01-06,19710.592,19710.592,0.0,{'SPY': 0},0.0,97.106
2023-01-09,19710.592,19710.592,0.0,{'SPY': 0},0.0,97.106
2023-01-10,19829.886,56.992,19772.894,{'SPY': 51},0.605,98.299
2023-01-11,19809.116,19809.116,0.0,{'SPY': 0},-0.105,98.091
2023-01-12,19809.116,19809.116,0.0,{'SPY': 0},0.0,98.091
2023-01-13,19809.116,19809.116,0.0,{'SPY': 0},0.0,98.091
2023-01-17,19809.116,19809.116,0.0,{'SPY': 0},0.0,98.091
2023-01-18,19809.116,19809.116,0.0,{'SPY': 0},0.0,98.091
2023-01-19,19646.756,358.336,19288.42,{'SPY': 50},-0.82,96.468
2023-01-20,20001.581,358.336,19643.245,{'SPY': 50},1.806,100.016
2023-01-23,19980.941,19980.941,0.0,{'SPY': 0},-0.103,99.809
2023-01-24,19980.941,19980.941,0.0,{'SPY': 0},0.0,99.809
2023-01-25,19980.941,19980.941,0.0,{'SPY': 0},0.0,99.809
2023-01-26,19980.941,19980.941,0.0,{'SPY': 0},0.0,99.809
2023-01-27,19980.941,19980.941,0.0,{'SPY': 0},0.0,99.809
2023-01-30,19980.941,19980.941,0.0,{'SPY': 0},0.0,99.809
2023-01-31,20248.881,78.616,20170.265,{'SPY': 50},1.341,102.489
2023-02-01,20227.711,20227.711,0.0,{'SPY': 0},-0.105,102.277
2023-02-02,20227.711,20227.711,0.0,{'SPY': 0},0.0,102.277
2023-02-03,20227.711,20227.711,0.0,{'SPY': 0},0.0,102.277
2023-02-06,20227.711,20227.711,0.0,{'SPY': 0},0.0,102.277
2023-02-07,20227.711,20227.711,0.0,{'SPY': 0},0.0,102.277
2023-02-08,20227.711,20227.711,0.0,{'SPY': 0},0.0,102.277
2023-02-09,20035.064,235.135,19799.93,{'SPY': 49},-0.952,100.351
2023-02-10,20078.836,235.135,19843.702,{'SPY': 49},0.218,100.788
2023-02-13,20057.996,20057.996,0.0,{'SPY': 0},-0.104,100.58
2023-02-14,20057.996,20057.996,0.0,{'SPY': 0},0.0,100.58
2023-02-15,20057.996,20057.996,0.0,{'SPY': 0},0.0,100.58
2023-02-16,20057.996,20057.996,0.0,{'SPY': 0},0.0,100.58
2023-02-17,19984.123,178.842,19805.281,{'SPY': 49},-0.368,99.841
2023-02-21,19963.313,19963.313,0.0,{'SPY': 0},-0.104,99.633
2023-02-22,19915.208,135.493,19779.715,{'SPY': 50},-0.241,99.152
2023-02-23,20017.933,135.493,19882.44,{'SPY': 50},0.516,100.179
2023-02-24,19806.528,135.493,19671.035,{'SPY': 50},-1.056,98.065
2023-02-27,19873.028,135.493,19737.535,{'SPY': 50},0.336,98.73
2023-02-28,19797.098,135.493,19661.605,{'SPY': 50},-0.382,97.971
2023-03-01,19726.633,135.493,19591.14,{'SPY': 50},-0.356,97.266
2023-03-02,19876.003,135.493,19740.51,{'SPY': 50},0.757,98.76
2023-03-03,19855.263,19855.263,0.0,{'SPY': 0},-0.104,98.553
2023-03-06,19855.263,19855.263,0.0,{'SPY': 0},0.0,98.553
2023-03-07,19533.072,164.513,19368.558,{'SPY': 49},-1.623,95.331
2023-03-08,19565.167,164.513,19400.653,{'SPY': 49},0.164,95.652
2023-03-09,19208.692,164.513,19044.178,{'SPY': 49},-1.822,92.087
2023-03-10,18932.939,164.513,18768.426,{'SPY': 49},-1.436,89.329
2023-03-13,18902.299,164.513,18737.786,{'SPY': 49},-0.162,89.023
2023-03-14,19213.552,164.513,19049.039,{'SPY': 49},1.647,92.136
2023-03-15,19099.75,164.513,18935.237,{'SPY': 49},-0.592,90.997
2023-03-16,19079.81,19079.81,0.0,{'SPY': 0},-0.104,90.798
2023-03-17,19079.81,19079.81,0.0,{'SPY': 0},0.0,90.798
2023-03-20,19079.81,19079.81,0.0,{'SPY': 0},0.0,90.798
2023-03-21,19079.81,19079.81,0.0,{'SPY': 0},0.0,90.798
2023-03-22,19079.81,19079.81,0.0,{'SPY': 0},0.0,90.798
2023-03-23,19106.447,307.017,18799.43,{'SPY': 48},0.14,91.064
2023-03-24,19231.266,307.017,18924.25,{'SPY': 48},0.653,92.313
2023-03-27,19211.346,19211.346,0.0,{'SPY': 0},-0.104,92.113
2023-03-28,19211.346,19211.346,0.0,{'SPY': 0},0.0,92.113
2023-03-29,19211.346,19211.346,0.0,{'SPY': 0},0.0,92.113
2023-03-30,19211.346,19211.346,0.0,{'SPY': 0},0.0,92.113
2023-03-31,19211.346,19211.346,0.0,{'SPY': 0},0.0,92.113
2023-04-03,19211.346,19211.346,0.0,{'SPY': 0},0.0,92.113
2023-04-04,19211.346,19211.346,0.0,{'SPY': 0},0.0,92.113
2023-04-05,19211.346,19211.346,0.0,{'SPY': 0},0.0,92.113
2023-04-06,19211.346,19211.346,0.0,{'SPY': 0},0.0,92.113
2023-04-10,19211.346,19211.346,0.0,{'SPY': 0},0.0,92.113
2023-04-11,19211.346,19211.346,0.0,{'SPY': 0},0.0,92.113
2023-04-12,19211.346,19211.346,0.0,{'SPY': 0},0.0,92.113
2023-04-13,19442.926,82.94,19359.986,{'SPY': 47},1.205,94.429
2023-04-14,19422.566,19422.566,0.0,{'SPY': 0},-0.105,94.226
2023-04-17,19422.566,19422.566,0.0,{'SPY': 0},0.0,94.226
2023-04-18,19422.566,19422.566,0.0,{'SPY': 0},0.0,94.226
2023-04-19,19422.566,19422.566,0.0,{'SPY': 0},0.0,94.226
2023-04-20,19422.566,19422.566,0.0,{'SPY': 0},0.0,94.226
2023-04-21,19422.566,19422.566,0.0,{'SPY': 0},0.0,94.226
2023-04-24,19422.566,19422.566,0.0,{'SPY': 0},0.0,94.226
2023-04-25,19422.566,19422.566,0.0,{'SPY': 0},0.0,94.226
2023-04-26,19318.453,-19.456,19337.909,{'SPY': 48},-0.536,93.185
2023-04-27,19702.468,-19.456,19721.923,{'SPY': 48},1.988,97.025
2023-04-28,19681.748,19681.748,0.0,{'SPY': 0},-0.105,96.817
2023-05-01,19681.748,19681.748,0.0,{'SPY': 0},0.0,96.817
2023-05-02,19443.081,203.673,19239.408,{'SPY': 47},-1.213,94.431
2023-05-03,19308.219,203.673,19104.546,{'SPY': 47},-0.694,93.082
2023-05-04,19176.172,203.673,18972.499,{'SPY': 47},-0.684,91.762
2023-05-05,19524.555,203.673,19320.882,{'SPY': 47},1.817,95.246
2023-05-08,19532.987,203.673,19329.314,{'SPY': 47},0.043,95.33
2023-05-09,19447.297,203.673,19243.624,{'SPY': 47},-0.439,94.473
2023-05-10,19533.452,203.673,19329.779,{'SPY': 47},0.443,95.335
2023-05-11,19503.485,203.673,19299.812,{'SPY': 47},-0.153,95.035
2023-05-12,19483.185,19483.185,0.0,{'SPY': 0},-0.104,94.832
2023-05-15,19483.185,19483.185,0.0,{'SPY': 0},0.0,94.832
2023-05-16,19483.185,19483.185,0.0,{'SPY': 0},0.0,94.832
2023-05-17,19695.23,252.599,19442.631,{'SPY': 47},1.088,96.952
2023-05-18,19674.79,19674.79,0.0,{'SPY': 0},-0.104,96.748
2023-05-19,19674.79,19674.79,0.0,{'SPY': 0},0.0,96.748
2023-05-22,19674.79,19674.79,0.0,{'SPY': 0},0.0,96.748
2023-05-23,19674.79,19674.79,0.0,{'SPY': 0},0.0,96.748
2023-05-24,19513.922,264.212,19249.71,{'SPY': 47},-0.818,95.139
2023-05-25,19679.686,264.212,19415.474,{'SPY': 47},0.849,96.797
2023-05-26,19930.206,264.212,19665.994,{'SPY': 47},1.273,99.302
2023-05-30,19909.536,19909.536,0.0,{'SPY': 0},-0.104,99.095
2023-05-31,19909.536,19909.536,0.0,{'SPY': 0},0.0,99.095
2023-06-01,19909.536,19909.536,0.0,{'SPY': 0},0.0,99.095
2023-06-02,19909.536,19909.536,0.0,{'SPY': 0},0.0,99.095
2023-06-05,19909.536,19909.536,0.0,{'SPY': 0},0.0,99.095
2023-06-06,19909.536,19909.536,0.0,{'SPY': 0},0.0,99.095
2023-06-07,19909.536,19909.536,0.0,{'SPY': 0},0.0,99.095
2023-06-08,20004.703,338.024,19666.679,{'SPY': 46},0.478,100.047
2023-06-09,19984.033,19984.033,0.0,{'SPY': 0},-0.103,99.84
2023-06-12,19984.033,19984.033,0.0,{'SPY': 0},0.0,99.84
2023-06-13,19984.033,19984.033,0.0,{'SPY': 0},0.0,99.84
2023-06-14,19984.033,19984.033,0.0,{'SPY': 0},0.0,99.84
2023-06-15,19984.033,19984.033,0.0,{'SPY': 0},0.0,99.84
2023-06-16,19984.033,19984.033,0.0,{'SPY': 0},0.0,99.84
2023-06-20,19864.263,188.913,19675.35,{'SPY': 45},-0.599,98.643
2023-06-21,19760.763,188.913,19571.85,{'SPY': 45},-0.521,97.608
2023-06-22,19833.213,188.913,19644.3,{'SPY': 45},0.367,98.332
2023-06-23,19812.573,19812.573,0.0,{'SPY': 0},-0.104,98.126
2023-06-26,19812.573,19812.573,0.0,{'SPY': 0},0.0,98.126
2023-06-27,20004.113,377.813,19626.3,{'SPY': 45},0.967,100.041
2023-06-28,19983.483,19983.483,0.0,{'SPY': 0},-0.103,99.835
2023-06-29,19983.483,19983.483,0.0,{'SPY': 0},0.0,99.835
2023-06-30,19983.483,19983.483,0.0,{'SPY': 0},0.0,99.835
2023-07-03,19983.483,19983.483,0.0,{'SPY': 0},0.0,99.835
2023-07-05,19983.483,19983.483,0.0,{'SPY': 0},0.0,99.835
2023-07-06,19983.483,19983.483,0.0,{'SPY': 0},0.0,99.835
2023-07-07,19983.483,19983.483,0.0,{'SPY': 0},0.0,99.835
2023-07-10,20014.008,229.308,19784.7,{'SPY': 45},0.153,100.14
2023-07-11,19993.228,19993.228,0.0,{'SPY': 0},-0.104,99.932
2023-07-12,19993.228,19993.228,0.0,{'SPY': 0},0.0,99.932
2023-07-13,19993.228,19993.228,0.0,{'SPY': 0},0.0,99.932
2023-07-14,19993.228,19993.228,0.0,{'SPY': 0},0.0,99.932
2023-07-17,19993.228,19993.228,0.0,{'SPY': 0},0.0,99.932
2023-07-18,19993.228,19993.228,0.0,{'SPY': 0},0.0,99.932
2023-07-19,19993.228,19993.228,0.0,{'SPY': 0},0.0,99.932
2023-07-20,19993.228,19993.228,0.0,{'SPY': 0},0.0,99.932
2023-07-21,19993.228,19993.228,0.0,{'SPY': 0},0.0,99.932
2023-07-24,20060.768,75.968,19984.8,{'SPY': 44},0.338,100.608
2023-07-25,20114.008,75.968,20038.04,{'SPY': 44},0.265,101.14
2023-07-26,20118.408,75.968,20042.44,{'SPY': 44},0.022,101.184
2023-07-27,19985.088,75.968,19909.12,{'SPY': 44},-0.663,99.851
2023-07-28,20180.008,75.968,20104.04,{'SPY': 44},0.975,101.8
2023-07-31,20158.908,20158.908,0.0,{'SPY': 0},-0.105,101.589
2023-08-01,20158.908,20158.908,0.0,{'SPY': 0},0.0,101.589
2023-08-02,20158.908,20158.908,0.0,{'SPY': 0},0.0,101.589
2023-08-03,20080.898,331.938,19748.96,{'SPY': 44},-0.387,100.809
2023-08-04,19991.138,331.938,19659.2,{'SPY': 44},-0.447,99.911
2023-08-07,20162.738,331.938,19830.8,{'SPY': 44},0.858,101.627
2023-08-08,20141.908,20141.908,0.0,{'SPY': 0},-0.103,101.419
2023-08-09,20141.908,20141.908,0.0,{'SPY': 0},0.0,101.419
2023-08-10,20128.948,62.098,20066.85,{'SPY': 45},-0.064,101.289
2023-08-11,20113.198,62.098,20051.1,{'SPY': 45},-0.078,101.132
2023-08-14,20226.148,62.098,20164.05,{'SPY': 45},0.562,102.261
2023-08-15,20204.988,20204.988,0.0,{'SPY': 0},-0.105,102.05
2023-08-16,20035.108,251.758,19783.35,{'SPY': 45},-0.841,100.351
2023-08-17,19883.458,251.758,19631.7,{'SPY': 45},-0.757,98.835
2023-08-18,19892.458,251.758,19640.7,{'SPY': 45},0.045,98.925
2023-08-21,20022.058,251.758,19770.3,{'SPY': 45},0.652,100.221
2023-08-22,20001.288,20001.288,0.0,{'SPY': 0},-0.104,100.013
2023-08-23,20199.278,265.628,19933.65,{'SPY': 45},0.99,101.993
2023-08-24,20178.348,20178.348,0.0,{'SPY': 0},-0.104,101.783
2023-08-25,20296.628,58.928,20237.7,{'SPY': 46},0.586,102.966
2023-08-28,20424.048,58.928,20365.12,{'SPY': 46},0.628,104.24
2023-08-29,20402.678,20402.678,0.0,{'SPY': 0},-0.105,104.027
2023-08-30,20402.678,20402.678,0.0,{'SPY': 0},0.0,104.027
2023-08-31,20402.678,20402.678,0.0,{'SPY': 0},0.0,104.027
2023-09-01,20423.268,118.818,20304.45,{'SPY': 45},0.101,104.233
